STUDY_ID,REVIEWERS,INCLUDE,PMID,Title,Authors,Citation,First.Author,Journal.Book,Publication.Year,Create.Date,PMCID,NIHMS.ID,DOI
1,Jonny,NO,28040311,Foot-and-mouth disease vaccines,"Diaz-San Segundo F, Medina GN, Stenfeldt C, Arzt J, de Los Santos T.",Vet Microbiol. 2017 Jul;206:102-112. doi: 10.1016/j.vetmic.2016.12.018. Epub 2016 Dec 19.,Diaz-San Segundo F,Vet Microbiol,2017,02/01/2017,,,10.1016/j.vetmic.2016.12.018
2,Jonny,maybe,30902589,Detection of a novel tick-borne flavivirus and its serological surveillance,"Shimoda H, Hayasaka D, Yoshii K, Yokoyama M, Suzuki K, Kodera Y, Takeda T, Mizuno J, Noguchi K, Yonemitsu K, Minami S, Kuwata R, Takano A, Maeda K.",Ticks Tick Borne Dis. 2019 Jun;10(4):742-748. doi: 10.1016/j.ttbdis.2019.03.006. Epub 2019 Mar 16.,Shimoda H,Ticks Tick Borne Dis,2019,24/03/2019,,,10.1016/j.ttbdis.2019.03.006
3,Jonny,NO,31213271,Evaluation of novel inactivated vaccine for type C foot-and-mouth disease in cattle and pigs,"You SH, Jo HE, Choi JH, Ko MK, Shin SH, Lee MJ, Kim SM, Kim B, Park JH.",Vet Microbiol. 2019 Jul;234:44-50. doi: 10.1016/j.vetmic.2019.05.016. Epub 2019 May 23.,You SH,Vet Microbiol,2019,20/06/2019,,,10.1016/j.vetmic.2019.05.016
4,Jonny,maybe,25384138,Pestiviruses,"Schweizer M, Peterhans E.",Annu Rev Anim Biosci. 2014 Feb;2:141-63. doi: 10.1146/annurev-animal-022513-114209. Epub 2013 Nov 6.,Schweizer M,Annu Rev Anim Biosci,2014,11/11/2014,,,10.1146/annurev-animal-022513-114209
5,Jonny,YES,30876888,Identification of a zoonotic genotype 3 hepatitis E subtype in wildlife in north-eastern Italy,"Zecchin B, Schivo A, Milani A, Fusaro A, Zamperin G, Bellinati L, Ceglie L, Natale A, Bonfanti L, Cunial G, Obber F, Di Bartolo I, Citterio C, Monne I.",Infect Genet Evol. 2019 Jul;71:16-20. doi: 10.1016/j.meegid.2019.03.005. Epub 2019 Mar 12.,Zecchin B,Infect Genet Evol,2019,17/03/2019,,,10.1016/j.meegid.2019.03.005
6,Jonny,YES,31551078,Spatial and seasonal patterns of FMD primary outbreaks in cattle in Zimbabwe between 1931 and 2016,"Guerrini L, Pfukenyi DM, Etter E, Bouyer J, Njagu C, Ndhlovu F, Bourgarel M, de Garine-Wichatitsky M, Foggin C, Grosbois V, Caron A.",Vet Res. 2019 Sep 24;50(1):73. doi: 10.1186/s13567-019-0690-7.,Guerrini L,Vet Res,2019,26/09/2019,PMC6760110,,10.1186/s13567-019-0690-7
7,Jonny,NO,29981712,Synthetic RNA derived from the foot-and-mouth disease virus genome elicits antiviral responses in bovine and porcine cells through IRF3 activation,"Rodríguez Pulido M, Del Amo L, Sobrino F, Sáiz M.",Vet Microbiol. 2018 Jul;221:8-12. doi: 10.1016/j.vetmic.2018.05.015. Epub 2018 May 24.,Rodríguez Pulido M,Vet Microbiol,2018,09/07/2018,,,10.1016/j.vetmic.2018.05.015
8,Jonny,YES,24911887,"Rabies and rabies virus in wildlife in mainland China, 1990-2013","Wang L, Tang Q, Liang G.",Int J Infect Dis. 2014 Aug;25:122-9. doi: 10.1016/j.ijid.2014.04.016. Epub 2014 Jun 6.,Wang L,Int J Infect Dis,2014,10/06/2014,,,10.1016/j.ijid.2014.04.016
9,Jonny,YES,28407381,Arrival of rabbit haemorrhagic disease virus 2 to northern Europe: Emergence and outbreaks in wild and domestic rabbits (Oryctolagus cuniculus) in Sweden,"Neimanis AS, Ahola H, Zohari S, Larsson Pettersson U, Bröjer C, Capucci L, Gavier-Widén D.",Transbound Emerg Dis. 2018 Feb;65(1):213-220. doi: 10.1111/tbed.12650. Epub 2017 Apr 13.,Neimanis AS,Transbound Emerg Dis,2018,14/04/2017,,,10.1111/tbed.12650
10,Jonny,maybe,29655214,"Molecular and serological surveillance of Hepatitis E virus in wild and domestic carnivores in Brandenburg, Germany","Dähnert L, Conraths FJ, Reimer N, Groschup MH, Eiden M.",Transbound Emerg Dis. 2018 Oct;65(5):1377-1380. doi: 10.1111/tbed.12877. Epub 2018 Apr 14.,Dähnert L,Transbound Emerg Dis,2018,15/04/2018,,,10.1111/tbed.12877
11,Jonny,maybe,31038322,Peste des petits ruminants in Africa: Meta-analysis of the virus isolation in molecular epidemiology studies,"Mantip SE, Shamaki D, Farougou S.",Onderstepoort J Vet Res. 2019 Mar 26;86(1):e1-e15. doi: 10.4102/ojvr.v86i1.1677.,Mantip SE,Onderstepoort J Vet Res,2019,01/05/2019,PMC6556936,,10.4102/ojvr.v86i1.1677
12,Jonny,YES,28384059,Potential Sympatric Vectors and Mammalian Hosts of Venezuelan Equine Encephalitis Virus in Southern Mexico,"Sotomayor-Bonilla J, Abella-Medrano CA, Chaves A, Álvarez-Mendizábal P, Rico-Chávez Ó, Ibáñez-Bernal S, Rostal MK, Ojeda-Flores R, Barbachano-Guerrero A, Gutiérrez-Espeleta G, Aguirre AA, Daszak P, Suzán G.",J Wildl Dis. 2017 Jul;53(3):657-661. doi: 10.7589/2016-11-249. Epub 2017 Apr 6.,Sotomayor-Bonilla J,J Wildl Dis,2017,07/04/2017,,,10.7589/2016-11-249
13,Jonny,NO,26811239,"Genetic variations in regions of bovine and bovine-like enteroviral 5'UTR from cattle, Indian bison and goat feces","Kosoltanapiwat N, Yindee M, Chavez IF, Leaungwutiwong P, Adisakwattana P, Singhasivanon P, Thawornkuno C, Thippornchai N, Rungruengkitkun A, Soontorn J, Pearsiriwuttipong S.",Virol J. 2016 Jan 25;13:13. doi: 10.1186/s12985-016-0468-8.,Kosoltanapiwat N,Virol J,2016,27/01/2016,PMC4727389,,10.1186/s12985-016-0468-8
14,Jonny,YES,26741652,Seroepidemiological Studies of Crimean-Congo Hemorrhagic Fever Virus in Domestic and Wild Animals,"Spengler JR, Bergeron É, Rollin PE.",PLoS Negl Trop Dis. 2016 Jan 7;10(1):e0004210. doi: 10.1371/journal.pntd.0004210. eCollection 2016 Jan.,Spengler JR,PLoS Negl Trop Dis,2016,08/01/2016,PMC4704823,,10.1371/journal.pntd.0004210
15,Jonny,YES,26190581,Experimental Evaluation of Faecal Escherichia coli and Hepatitis E Virus as Biological Indicators of Contacts Between Domestic Pigs and Eurasian Wild Boar,"Barth S, Geue L, Hinsching A, Jenckel M, Schlosser J, Eiden M, Pietschmann J, Menge C, Beer M, Groschup M, Jori F, Etter E, Blome S.",Transbound Emerg Dis. 2017 Apr;64(2):487-494. doi: 10.1111/tbed.12389. Epub 2015 Jul 19.,Barth S,Transbound Emerg Dis,2017,21/07/2015,,,10.1111/tbed.12389
16,Jonny,maybe,26086559,Vaccines for Prevention of Bluetongue and Epizootic Hemorrhagic Disease in Livestock: A North American Perspective,"McVey DS, MacLachlan NJ.",Vector Borne Zoonotic Dis. 2015 Jun;15(6):385-96. doi: 10.1089/vbz.2014.1698.,McVey DS,Vector Borne Zoonotic Dis,2015,19/06/2015,,,10.1089/vbz.2014.1698
17,Jonny,maybe,26738942,Post-entry blockade of small ruminant lentiviruses by wild ruminants,"Sanjosé L, Crespo H, Blatti-Cardinaux L, Glaria I, Martínez-Carrasco C, Berriatua E, Amorena B, De Andrés D, Bertoni G, Reina R.",Vet Res. 2016 Jan 6;47:1. doi: 10.1186/s13567-015-0288-7.,Sanjosé L,Vet Res,2016,08/01/2016,PMC4702310,,10.1186/s13567-015-0288-7
18,Jonny,YES,30540543,"Spatial Patterns and Risk Factors of Bluetongue Virus Infection in Inner Mongolia, China","Ma J, Gao X, Liu B, Xiao J, Chen H, Wang H.",Vector Borne Zoonotic Dis. 2019 Jul;19(7):525-532. doi: 10.1089/vbz.2018.2361. Epub 2018 Dec 12.,Ma J,Vector Borne Zoonotic Dis,2019,13/12/2018,,,10.1089/vbz.2018.2361
19,Jonny,YES,23881276,Small ruminant lentiviruses (SRLVs) break the species barrier to acquire new host range,"Minardi da Cruz JC, Singh DK, Lamara A, Chebloune Y.",Viruses. 2013 Jul 23;5(7):1867-84. doi: 10.3390/v5071867.,Minardi da Cruz JC,Viruses,2013,25/07/2013,PMC3738966,,10.3390/v5071867
20,Jonny,YES,22493123,"A serosurvey for Brucella suis, classical swine fever virus, porcine circovirus type 2, and pseudorabies virus in feral swine (Sus scrofa) of eastern North Carolina","Sandfoss MR, DePerno CS, Betsill CW, Palamar MB, Erickson G, Kennedy-Stoskopf S.",J Wildl Dis. 2012 Apr;48(2):462-6. doi: 10.7589/0090-3558-48.2.462.,Sandfoss MR,J Wildl Dis,2012,12/04/2012,,,10.7589/0090-3558-48.2.462
21,Jonny,NO,24315041,Sheep persistently infected with Border disease readily transmit virus to calves seronegative to BVD virus,"Braun U, Reichle SF, Reichert C, Hässig M, Stalder HP, Bachofen C, Peterhans E.",Vet Microbiol. 2014 Jan 10;168(1):98-104. doi: 10.1016/j.vetmic.2013.11.004. Epub 2013 Nov 15.,Braun U,Vet Microbiol,2014,10/12/2013,,,10.1016/j.vetmic.2013.11.004
22,Jonny,YES,31228086,Risk factors associated with Mycoplasma capricolum subspecies capripneumoniae and morbillivirus infection in small ruminants in Tanzania,"Chota A, Shirima G, Kusiluka L.",Trop Anim Health Prod. 2019 Sep;51(7):1807-1815. doi: 10.1007/s11250-019-01981-4. Epub 2019 Jun 21.,Chota A,Trop Anim Health Prod,2019,23/06/2019,,,10.1007/s11250-019-01981-4
23,Jonny,maybe,30406333,"The first report on serotyping of bluetongue virus in small ruminants of Khyber Pakhtunkhwa province, Pakistan","Malik AI, Ijaz M, Yaqub T, Shabir MZ, Avais M, Ghaffar A, Ali A, Farooqi SH, Mehmood K.",Trop Anim Health Prod. 2019 May;51(4):977-982. doi: 10.1007/s11250-018-1739-8. Epub 2018 Nov 7.,Malik AI,Trop Anim Health Prod,2019,09/11/2018,,,10.1007/s11250-018-1739-8
24,Jonny,YES,23226216,Reconstruction of the transmission history of RNA virus outbreaks using full genome sequences: foot-and-mouth disease virus in Bulgaria in 2011,"Valdazo-González B, Polihronova L, Alexandrov T, Normann P, Knowles NJ, Hammond JM, Georgiev GK, Özyörük F, Sumption KJ, Belsham GJ, King DP.",PLoS One. 2012;7(11):e49650. doi: 10.1371/journal.pone.0049650. Epub 2012 Nov 30.,Valdazo-González B,PLoS One,2012,11/12/2012,PMC3511503,,10.1371/journal.pone.0049650
25,Jonny,maybe,19900768,Subclinical bluetongue virus infection in domestic ruminants in Taiwan,"Lee F, Ting LJ, Jong MH, Chang WM, Wang FI.",Vet Microbiol. 2010 May 19;142(3-4):225-31. doi: 10.1016/j.vetmic.2009.10.005. Epub 2009 Oct 23.,Lee F,Vet Microbiol,2010,11/11/2009,,,10.1016/j.vetmic.2009.10.005
26,Jonny,maybe,18279085,"Evaluation of pathways for release of Rift Valley fever virus into domestic ruminant livestock, ruminant wildlife, and human populations in the continental United States","Kasari TR, Carr DA, Lynn TV, Weaver JT.",J Am Vet Med Assoc. 2008 Feb 15;232(4):514-29. doi: 10.2460/javma.232.4.514.,Kasari TR,J Am Vet Med Assoc,2008,19/02/2008,,,10.2460/javma.232.4.514
27,Jonny,YES,23675891,Seroprevalence of bovine ephemeral fever virus in domesticated and wildlife species during epidemic and inter-epidemic periods (2000-2009) in Israel,"Aziz-Boaron O, Brettschneider S, King R, Gelman B, Klement E.",Transbound Emerg Dis. 2015 Apr;62(2):183-7. doi: 10.1111/tbed.12104. Epub 2013 May 16.,Aziz-Boaron O,Transbound Emerg Dis,2015,17/05/2013,,,10.1111/tbed.12104
28,Jonny,YES,20484176,Immunohistochemical study of rabies virus within the central nervous system of domestic and wildlife species,"Stein LT, Rech RR, Harrison L, Brown CC.",Vet Pathol. 2010 Jul;47(4):630-3. doi: 10.1177/0300985810370013. Epub 2010 May 18.,Stein LT,Vet Pathol,2010,21/05/2010,,,10.1177/0300985810370013
29,Jonny,NO,22363444,Rescue of recent virulent and avirulent field strains of bluetongue virus by reverse genetics,"van Gennip RG, van de Water SG, Potgieter CA, Wright IM, Veldman D, van Rijn PA.",PLoS One. 2012;7(2):e30540. doi: 10.1371/journal.pone.0030540. Epub 2012 Feb 17.,van Gennip RG,PLoS One,2012,25/02/2012,PMC3281837,,10.1371/journal.pone.0030540
30,Jonny,maybe,24586500,Reverse zoonotic disease transmission (zooanthroponosis): a systematic review of seldom-documented human biological threats to animals,"Messenger AM, Barnes AN, Gray GC.",PLoS One. 2014 Feb 28;9(2):e89055. doi: 10.1371/journal.pone.0089055. eCollection 2014.,Messenger AM,PLoS One,2014,04/03/2014,PMC3938448,,10.1371/journal.pone.0089055
31,Jonny,YES,23082533,Detection and phylogenetic characterization of hepatitis E virus genotype 3 in a captive wild boar in Thailand,"Wiratsudakul A, Sariya L, Prompiram P, Tantawet S, Suraruangchai D, Sedwisai P, Sangkachai N, Suksai P, Ratanakorn P.",J Zoo Wildl Med. 2012 Sep;43(3):640-4. doi: 10.1638/2011-0217R1.1.,Wiratsudakul A,J Zoo Wildl Med,2012,23/10/2012,,,10.1638/2011-0217R1.1
32,Jonny,maybe,19217346,Characterization and zoonotic potential of endemic hepatitis E virus (HEV) strains in humans and animals in Hungary,"Reuter G, Fodor D, Forgách P, Kátai A, Szucs G.",J Clin Virol. 2009 Apr;44(4):277-81. doi: 10.1016/j.jcv.2009.01.008. Epub 2009 Feb 12.,Reuter G,J Clin Virol,2009,17/02/2009,,,10.1016/j.jcv.2009.01.008
33,Jonny,maybe,26974177,Serosurvey of peste des petits ruminants virus in small ruminants from different agro-ecological zones of Nigeria,"Woma TY, Ekong PS, Bwala DG, Ibu JO, Ta'ama L, Dyek DY, Saleh L, Shamaki D, Kalla DJ, Bailey D, Kazeem HM, Quan M.",Onderstepoort J Vet Res. 2016 Mar 11;83(1):1035. doi: 10.4102/ojvr.v83i1.1035.,Woma TY,Onderstepoort J Vet Res,2016,15/03/2016,PMC6324250,,10.4102/ojvr.v83i1.1035
34,Jonny,YES,23033405,Detection of eastern equine encephalomyelitis virus RNA in North American snakes,"Bingham AM, Graham SP, Burkett-Cadena ND, White GS, Hassan HK, Unnasch TR.",Am J Trop Med Hyg. 2012 Dec;87(6):1140-4. doi: 10.4269/ajtmh.2012.12-0257. Epub 2012 Oct 1.,Bingham AM,Am J Trop Med Hyg,2012,04/10/2012,PMC3516089,,10.4269/ajtmh.2012.12-0257
35,Jonny,NO,12523685,Review of the status and control of foot and mouth disease in sub-Saharan Africa,"Vosloo W, Bastos AD, Sangare O, Hargreaves SK, Thomson GR.",Rev Sci Tech. 2002 Dec;21(3):437-49. doi: 10.20506/rst.21.3.1349.,Vosloo W,Rev Sci Tech,2002,14/01/2003,,,10.20506/rst.21.3.1349
36,Jonny,maybe,22361000,Disease severity declines over time after a wild boar population has been affected by classical swine fever--legend or actual epidemiological process?,"Lange M, Kramer-Schadt S, Blome S, Beer M, Thulke HH.",Prev Vet Med. 2012 Sep 15;106(2):185-95. doi: 10.1016/j.prevetmed.2012.01.024. Epub 2012 Feb 22.,Lange M,Prev Vet Med,2012,25/02/2012,,,10.1016/j.prevetmed.2012.01.024
37,Jonny,maybe,25704390,"Epidemiology of Foot and Mouth Disease in Ethiopia: a Retrospective Analysis of District Level Outbreaks, 2007-2012","Jemberu WT, Mourits MC, Sahle M, Siraw B, Vernooij JC, Hogeveen H.",Transbound Emerg Dis. 2016 Dec;63(6):e246-e259. doi: 10.1111/tbed.12338. Epub 2015 Feb 19.,Jemberu WT,Transbound Emerg Dis,2016,24/02/2015,,,10.1111/tbed.12338
38,Jonny,maybe,10582096,Rinderpest: the disease and its impact on humans and animals,"Barrett T, Rossiter PB.",Adv Virus Res. 1999;53:89-110. doi: 10.1016/s0065-3527(08)60344-9.,Barrett T,Adv Virus Res,1999,03/12/1999,,,10.1016/s0065-3527(08)60344-9
39,Jonny,YES,23327382,Foot-and-mouth disease virus serotypes detected in Tanzania from 2003 to 2010: conjectured status and future prospects,"Kasanga CJ, Sallu R, Kivaria F, Mkama M, Masambu J, Yongolo M, Das S, Mpelumbe-Ngeleja C, Wambura PN, King DP, Rweyemamu MM.",Onderstepoort J Vet Res. 2012 Jun 20;79(2):462. doi: 10.4102/ojvr.v79i2.462.,Kasanga CJ,Onderstepoort J Vet Res,2012,19/01/2013,,,10.4102/ojvr.v79i2.462
40,Jonny,maybe,17848065,Emergence of lyssaviruses in the Old World: the case of Africa,"Nel LH, Rupprecht CE.",Curr Top Microbiol Immunol. 2007;315:161-93. doi: 10.1007/978-3-540-70962-6_8.,Nel LH,Curr Top Microbiol Immunol,2007,13/09/2007,,,10.1007/978-3-540-70962-6_8
41,Jonny,NO,18511217,Henipaviruses: a new family of emerging Paramyxoviruses,Wild TF.,Pathol Biol (Paris). 2009 Mar;57(2):188-96. doi: 10.1016/j.patbio.2008.04.006. Epub 2008 Jun 3.,Wild TF,Pathol Biol (Paris),2009,31/05/2008,,,10.1016/j.patbio.2008.04.006
42,Jonny,YES,23208877,"An epizootic of eastern equine encephalitis virus, Maine, USA in 2009: outbreak description and entomological studies","Lubelczyk C, Mutebi JP, Robinson S, Elias SP, Smith LB, Juris SA, Foss K, Lichtenwalner A, Shively KJ, Hoenig DE, Webber L, Sears S, Smith RP Jr.",Am J Trop Med Hyg. 2013 Jan;88(1):95-102. doi: 10.4269/ajtmh.2012.11-0358. Epub 2012 Dec 3.,Lubelczyk C,Am J Trop Med Hyg,2013,05/12/2012,PMC3541751,,10.4269/ajtmh.2012.11-0358
43,Jonny,maybe,12523989,First evidence of bluetongue virus in Kazakhstan,"Lundervold M, Milner-Gulland EJ, O'Callaghan CJ, Hamblin C.",Vet Microbiol. 2003 Apr 2;92(3):281-7. doi: 10.1016/s0378-1135(02)00365-6.,Lundervold M,Vet Microbiol,2003,14/01/2003,,,10.1016/s0378-1135(02)00365-6
44,Jonny,maybe,4362414,"The distribution in Kenya of bluetongue virus and antibody, and the Culicoides vector","Davies FG, Walker AR.",J Hyg (Lond). 1974 Apr;72(2):265-72. doi: 10.1017/s0022172400023470.,Davies FG,J Hyg (Lond),1974,01/04/1974,PMC2130505,,10.1017/s0022172400023470
45,Jonny,maybe,23001721,Molecular characterisation of rabies virus strains in the Republic of Macedonia,"Picard-Meyer E, Mrenoshki S, Milicevic V, Ilieva D, Cvetkovikj I, Cvetkovikj A, Krstevski K, Dzhadzhovski I, Robardet E, Gagnev E, Iliev E, Plavsic B, Kirandjiski T, Cliquet F.",Arch Virol. 2013 Jan;158(1):237-40. doi: 10.1007/s00705-012-1466-9. Epub 2012 Sep 23.,Picard-Meyer E,Arch Virol,2013,25/09/2012,,,10.1007/s00705-012-1466-9
46,Jonny,NO,12892265,Identification of a novel bluetongue virus vector species of Culicoides in Sicily,"Caracappa S, Torina A, Guercio A, Vitale F, Calabrò A, Purpari G, Ferrantelli V, Vitale M, Mellor PS.",Vet Rec. 2003 Jul 19;153(3):71-4. doi: 10.1136/vr.153.3.71.,Caracappa S,Vet Rec,2003,02/08/2003,,,10.1136/vr.153.3.71
47,Jonny,YES,21723622,FIV diversity: FIV Ple subtype composition may influence disease outcome in African lions,"Troyer JL, Roelke ME, Jespersen JM, Baggett N, Buckley-Beason V, MacNulty D, Craft M, Packer C, Pecon-Slattery J, O'Brien SJ.",Vet Immunol Immunopathol. 2011 Oct 15;143(3-4):338-46. doi: 10.1016/j.vetimm.2011.06.013. Epub 2011 Jun 12.,Troyer JL,Vet Immunol Immunopathol,2011,05/07/2011,PMC3168974,NIHMS309190,10.1016/j.vetimm.2011.06.013
48,Jonny,maybe,21435236,"Disease properties, geography, and mitigation strategies in a simulation spread of rinderpest across the United States","Manore C, McMahon B, Fair J, Hyman JM, Brown M, Labute M.",Vet Res. 2011 Mar 24;42(1):55. doi: 10.1186/1297-9716-42-55.,Manore C,Vet Res,2011,26/03/2011,PMC3072946,,10.1186/1297-9716-42-55
49,Jonny,NO,25377636,Phylogenetic analysis of a G6P[5] bovine rotavirus strain isolated in a neonatal diarrhea outbreak in a beef cattle herd vaccinated with G6P[1] and G10P[11] genotypes,"da Silva Medeiros TN, Lorenzetti E, Alfieri AF, Alfieri AA.",Arch Virol. 2015 Feb;160(2):447-51. doi: 10.1007/s00705-014-2271-4. Epub 2014 Nov 7.,da Silva Medeiros TN,Arch Virol,2015,08/11/2014,PMC7086630,,10.1007/s00705-014-2271-4
50,Jonny,YES,18440732,Epidemiological survey of swine influenza A virus in selected wild boar populations in Germany,"Kaden V, Lange E, Starick E, Bruer W, Krakowski W, Klopries M.",Vet Microbiol. 2008 Sep 18;131(1-2):123-32. doi: 10.1016/j.vetmic.2008.03.006. Epub 2008 Mar 25.,Kaden V,Vet Microbiol,2008,29/04/2008,,,10.1016/j.vetmic.2008.03.006
51,Jonny,maybe,11449911,[Genetic typing of German isolates of classical swine fever virus],"Wonnemann H, Floegel-Niesmann G, Moennig V, Greiser-Wilke I.",Dtsch Tierarztl Wochenschr. 2001 Jun;108(6):252-6.,Wonnemann H,Dtsch Tierarztl Wochenschr,2001,14/07/2001,,,
52,Jonny,YES,18068914,Detection of hepatitis E virus in archived German wild boar serum samples,"Kaci S, Nöckler K, Johne R.",Vet Microbiol. 2008 Apr 30;128(3-4):380-5. doi: 10.1016/j.vetmic.2007.10.030. Epub 2007 Nov 9.,Kaci S,Vet Microbiol,2008,11/12/2007,,,10.1016/j.vetmic.2007.10.030
53,Jonny,YES,8953536,Prevalence of exposure to eastern equine encephalomyelitis virus in domestic and feral swine in Georgia,"Elvinger F, Baldwin CA, Liggett AD, Tang KN, Stallknecht DE.",J Vet Diagn Invest. 1996 Oct;8(4):481-4. doi: 10.1177/104063879600800414.,Elvinger F,J Vet Diagn Invest,1996,01/10/1996,,,10.1177/104063879600800414
54,Jonny,NO,26762436,Hunt for Ebola's wild hideout takes off as epidemic wanes,Callaway E.,Nature. 2016 Jan 14;529(7585):138-9. doi: 10.1038/529138a.,Callaway E,Nature,2016,15/01/2016,,,10.1038/529138a
55,Jonny,YES,24034277,Serosurvey for schmallenberg virus in alpine wild ungulates,"Chiari M, Sozzi E, Zanoni M, Alborali LG, Lavazza A, Cordioli P.",Transbound Emerg Dis. 2014 Feb;61(1):1-3. doi: 10.1111/tbed.12158. Epub 2013 Aug 26.,Chiari M,Transbound Emerg Dis,2014,17/09/2013,,,10.1111/tbed.12158
56,Jonny,YES,23725773,"Re-emergence of animal rabies in northern Greece and subsequent human exposure, October 2012 - March 2013","Tsiodras S, Dougas G, Baka A, Billinis C, Doudounakis S, Balaska A, Georgakopoulou T, Rigakos G, Kontos V, Tasioudi KE, Tzani M, Tsarouxa P, Iliadou P, Mangana-Vougiouka O, Iliopoulos D, Sapounas S, Efstathiou P, Tsakris A, Hadjichristodoulou C, Kremastinou J.",Euro Surveill. 2013 May 2;18(18):20474.,Tsiodras S,Euro Surveill,2013,04/06/2013,,,
57,Jonny,maybe,18419650,Rate of foot-and-mouth disease virus transmission by carriers quantified from experimental data,"Tenzin, Dekker A, Vernooij H, Bouma A, Stegeman A.",Risk Anal. 2008 Apr;28(2):303-9. doi: 10.1111/j.1539-6924.2008.01020.x.,Tenzin,Risk Anal,2008,19/04/2008,,,10.1111/j.1539-6924.2008.01020.x
58,Jonny,NO,3769442,Major antigenic groups of rabies virus in Canada determined by anti-nucleocapsid monoclonal antibodies,"Webster WA, Casey GA, Charlton KM.",Comp Immunol Microbiol Infect Dis. 1986;9(1):59-69. doi: 10.1016/0147-9571(86)90076-7.,Webster WA,Comp Immunol Microbiol Infect Dis,1986,01/01/1986,,,10.1016/0147-9571(86)90076-7
59,Jonny,NO,9394612,Monoclonal antibody characterization of rabies virus strains isolated in the River Plate Basin,"Delpietro HA, Gury-Dhomen F, Larghi OP, Mena-Segura C, Abramo L.",Zentralbl Veterinarmed B. 1997 Oct;44(8):477-83. doi: 10.1111/j.1439-0450.1997.tb00998.x.,Delpietro HA,Zentralbl Veterinarmed B,1997,12/12/1997,,,10.1111/j.1439-0450.1997.tb00998.x
60,Jonny,YES,18487587,Bluetongue virus serotype 1 in wild mouflons in Spain,"Fernández-Pacheco P, Fernández-Pinero J, Agüero M, Jiménez-Clavero MA.",Vet Rec. 2008 May 17;162(20):659-60. doi: 10.1136/vr.162.20.659.,Fernández-Pacheco P,Vet Rec,2008,20/05/2008,,,10.1136/vr.162.20.659
61,Jonny,maybe,17913050,[Bat research on rabies virus in the Netherlands from 2002 to 2006],"Valkenburgh M, Aalten M, Zochner L.",Tijdschr Diergeneeskd. 2007 Sep 1;132(17):650-3.,Valkenburgh M,Tijdschr Diergeneeskd,2007,05/10/2007,,,
62,Jonny,YES,8593775,[Serologic investigations on the occurrence of Maedi-Visna antibodies in game ruminants],"Starick E, Dedek J, Enke KH, Loeppelmann H.",Dtsch Tierarztl Wochenschr. 1995 May;102(5):202-3.,Starick E,Dtsch Tierarztl Wochenschr,1995,01/05/1995,,,
63,Jonny,maybe,8964034,"New aspects of rabies with emphasis on epidemiology, diagnosis, and prevention of the disease in the United States",Smith JS.,Clin Microbiol Rev. 1996 Apr;9(2):166-76.,Smith JS,Clin Microbiol Rev,1996,01/04/1996,PMC172889,,
64,Jonny,YES,1058244,Observations on the epidemiology of ephemeral fever in Kenya,"Davies FG, Shaw T, Ochieng P.",J Hyg (Lond). 1975 Oct;75(2):231-5. doi: 10.1017/s0022172400047264.,Davies FG,J Hyg (Lond),1975,01/10/1975,PMC2130305,,10.1017/s0022172400047264
65,Jonny,maybe,9757784,[Classical swine fever in 1993 in Switzerland: molecular-epidemiologic characterization of the virus isolate],"Hofmann M, Bossy S.",Schweiz Arch Tierheilkd. 1998;140(9):365-70.,Hofmann M,Schweiz Arch Tierheilkd,1998,03/10/1998,,,
66,Jonny,YES,12555978,"Hantaviruses: etiologic agents of rare, but potentially life-threatening zoonotic diseases","Calisher CH, Mills JN, Root JJ, Beaty BJ.",J Am Vet Med Assoc. 2003 Jan 15;222(2):163-6. doi: 10.2460/javma.2003.222.163.,Calisher CH,J Am Vet Med Assoc,2003,31/01/2003,,,10.2460/javma.2003.222.163
67,Jonny,YES,9670447,Rediscovery of the second African lineage of rinderpest virus: its epidemiological significance,"Barrett T, Forsyth MA, Inui K, Wamwayi HM, Kock R, Wambua J, Mwanzia J, Rossiter PB.",Vet Rec. 1998 Jun 13;142(24):669-71. doi: 10.1136/vr.142.24.669.,Barrett T,Vet Rec,1998,22/07/1998,,,10.1136/vr.142.24.669
68,Jonny,maybe,3077442,Epidemiology and diagnosis of rabies in Greece,"Seimenis A, Manganà O, Nomicoù V.",Parassitologia. 1988 Jan-Apr;30(1):93-5.,Seimenis A,Parassitologia,1988,01/01/1988,,,
69,Jonny,maybe,3268777,[Rabies in Austria 1966-1986],Scharfen E.,Parassitologia. 1988 Jan-Apr;30(1):81-5.,Scharfen E,Parassitologia,1988,01/01/1988,,,
70,Jonny,maybe,7549256,[The evolution of rabies in Romania. The biological characteristics of the strains of the rabies virus isolated in Romania],"Toacsen E, Moraru S.",Bacteriol Virusol Parazitol Epidemiol. 1995 Apr-Jun;40(2):135-40.,Toacsen E,Bacteriol Virusol Parazitol Epidemiol,1995,01/04/1995,,,
71,Jonny,YES,6285010,"Prevalence of antibodies of selected infectious disease agents in the peninsular desert bighorn sheep (Ovis canadensis cremnobates) of the Santa Rosa Mountains, California","Turner JC, Payson JB.",J Wildl Dis. 1982 Apr;18(2):243-5. doi: 10.7589/0090-3558-18.2.243.,Turner JC,J Wildl Dis,1982,01/04/1982,,,10.7589/0090-3558-18.2.243
72,Jonny,YES,21781340,"Role of wild ruminants in the epidemiology of bluetongue virus serotypes 1, 4 and 8 in Spain","García-Bocanegra I, Arenas-Montes A, Lorca-Oró C, Pujols J, González MA, Napp S, Gómez-Guillamón F, Zorrilla I, Miguel ES, Arenas A.",Vet Res. 2011 Jul 23;42(1):88. doi: 10.1186/1297-9716-42-88.,García-Bocanegra I,Vet Res,2011,26/07/2011,PMC3156734,,10.1186/1297-9716-42-88
73,Jonny,NO,24511822,Prospects of improved classical swine fever control in backyard pigs through oral vaccination,"Dietze K, Milicevic V, Depner K.",Berl Munch Tierarztl Wochenschr. 2013 Nov-Dec;126(11-12):476-80.,Dietze K,Berl Munch Tierarztl Wochenschr,2013,12/02/2014,,,
74,Jonny,YES,19747861,Detection of hepatitis E virus in wild boar (Sus scrofa) livers,"Kaba M, Davoust B, Marié JL, Colson P.",Vet J. 2010 Nov;186(2):259-61. doi: 10.1016/j.tvjl.2009.08.008. Epub 2009 Sep 10.,Kaba M,Vet J,2010,15/09/2009,,,10.1016/j.tvjl.2009.08.008
75,Jonny,NO,28771956,"Knowledge, risk perception and mitigation measures towards Ebola virus disease by potentially exposed bushmeat handlers in north-central Nigeria: Any critical gap?","Alhaji NB, Yatswako S, Oddoh EY.",Zoonoses Public Health. 2018 Feb;65(1):158-167. doi: 10.1111/zph.12384. Epub 2017 Aug 3.,Alhaji NB,Zoonoses Public Health,2018,04/08/2017,,,10.1111/zph.12384
76,Jonny,NO,22503391,Experimental infection of wild boar and domestic pigs with a foot and mouth disease virus strain detected in the southeast of Bulgaria in December of 2010,"Breithaupt A, Depner K, Haas B, Alexandrov T, Polihronova L, Georgiev G, Meyer-Gerbaulet H, Beer M.",Vet Microbiol. 2012 Sep 14;159(1-2):33-9. doi: 10.1016/j.vetmic.2012.03.021. Epub 2012 Mar 16.,Breithaupt A,Vet Microbiol,2012,17/04/2012,,,10.1016/j.vetmic.2012.03.021
77,Jonny,NO,11770982,"A new modified live equine influenza virus vaccine: phenotypic stability, restricted spread and efficacy against heterologous virus challenge","Chambers TM, Holland RE, Tudor LR, Townsend HG, Cook A, Bogdan J, Lunn DP, Hussey S, Whitaker-Dowling P, Youngner JS, Sebring RW, Penner SJ, Stiegler GL.",Equine Vet J. 2001 Nov;33(7):630-6. doi: 10.2746/042516401776249291.,Chambers TM,Equine Vet J,2001,05/01/2002,,,10.2746/042516401776249291
78,Jonny,YES,2849174,[Epizootiology of herpesvirus infections in wild ruminants. II. Infectious bovine mammillitis and malignant catarrhal fever viruses and other viruses isolated from ruminants],"Meersschaert C, Thiry E, Pastoret PP.",Rev Elev Med Vet Pays Trop. 1988;41(3):235-42.,Meersschaert C,Rev Elev Med Vet Pays Trop,1988,01/01/1988,,,
79,Jonny,YES,25283611,Serological and virological survey of hepatitis E virus in wild boar populations in northwestern Italy: detection of HEV subtypes 3e and 3f,"Caruso C, Modesto P, Bertolini S, Peletto S, Acutis PL, Dondo A, Robetto S, Mignone W, Orusa R, Ru G, Masoero L.",Arch Virol. 2015 Jan;160(1):153-60. doi: 10.1007/s00705-014-2246-5. Epub 2014 Oct 5.,Caruso C,Arch Virol,2015,07/10/2014,,,10.1007/s00705-014-2246-5
80,Jonny,YES,30811818,Hepatitis E virus in sheep in Italy,"Sarchese V, Di Profio F, Melegari I, Palombieri A, Sanchez SB, Arbuatti A, Ciuffetelli M, Marsilio F, Martella V, Di Martino B.",Transbound Emerg Dis. 2019 May;66(3):1120-1125. doi: 10.1111/tbed.13157. Epub 2019 Mar 18.,Sarchese V,Transbound Emerg Dis,2019,28/02/2019,,,10.1111/tbed.13157
81,Jonny,NO,27596263,"Primary surveys on molecular epidemiology of bovine viral diarrhea virus 1 infecting goats in Jiangsu province, China","Mao L, Li W, Yang L, Wang J, Cheng S, Wei Y, Wang Q, Zhang W, Hao F, Ding Y, Sun Y, Jiang J.",BMC Vet Res. 2016 Sep 5;12(1):181. doi: 10.1186/s12917-016-0820-7.,Mao L,BMC Vet Res,2016,07/09/2016,PMC5011786,,10.1186/s12917-016-0820-7
82,Jonny,NO,28067990,Familial Hepatitis E Outbreak Linked to Wild Boar Meat Consumption,"Rivero-Juarez A, Frias M, Martinez-Peinado A, Risalde MA, Rodriguez-Cano D, Camacho A, García-Bocanegra I, Cuenca-Lopez F, Gomez-Villamandos JC, Rivero A.",Zoonoses Public Health. 2017 Nov;64(7):561-565. doi: 10.1111/zph.12343. Epub 2017 Jan 9.,Rivero-Juarez A,Zoonoses Public Health,2017,10/01/2017,,,10.1111/zph.12343
83,Jonny,YES,14680129,Culicoides mohave (Diptera: Ceratopogonidae): new occurrence records and potential role in transmission of hemorrhagic disease,"Rosenstock SS, Ramberg F, Collins JK, Rabe MJ.",J Med Entomol. 2003 Jul;40(4):577-9. doi: 10.1603/0022-2585-40.4.577.,Rosenstock SS,J Med Entomol,2003,19/12/2003,,,10.1603/0022-2585-40.4.577
84,Jonny,YES,28497542,Molecular detection and phylogenetic analysis of hepatitis E virus strains circulating in wild boars in south-central Italy,"Aprea G, Amoroso MG, Di Bartolo I, D'Alessio N, Di Sabatino D, Boni A, Cioffi B, D'Angelantonio D, Scattolini S, De Sabato L, Cotturone G, Pomilio F, Migliorati G, Galiero G, Fusco G.",Transbound Emerg Dis. 2018 Feb;65(1):e25-e31. doi: 10.1111/tbed.12661. Epub 2017 May 11.,Aprea G,Transbound Emerg Dis,2018,13/05/2017,,,10.1111/tbed.12661
85,Jonny,NO,25510481,Studying classical swine fever virus: making the best of a bad virus,"Ji W, Guo Z, Ding NZ, He CQ.",Virus Res. 2015 Feb 2;197:35-47. doi: 10.1016/j.virusres.2014.12.006. Epub 2014 Dec 12.,Ji W,Virus Res,2015,17/12/2014,,,10.1016/j.virusres.2014.12.006
86,Jonny,YES,24552787,Louping ill virus: an endemic tick-borne disease of Great Britain,"Jeffries CL, Mansfield KL, Phipps LP, Wakeley PR, Mearns R, Schock A, Bell S, Breed AC, Fooks AR, Johnson N.",J Gen Virol. 2014 May;95(Pt 5):1005-1014. doi: 10.1099/vir.0.062356-0. Epub 2014 Feb 19.,Jeffries CL,J Gen Virol,2014,21/02/2014,PMC4811648,,10.1099/vir.0.062356-0
87,Jonny,YES,20709472,Epidemiology of Pestivirus infection in wild ungulates of the French South Alps,"Martin C, Letellier C, Caij B, Gauthier D, Jean N, Shaffii A, Saegerman C.",Vet Microbiol. 2011 Jan 27;147(3-4):320-8. doi: 10.1016/j.vetmic.2010.07.010. Epub 2010 Jul 23.,Martin C,Vet Microbiol,2011,17/08/2010,,,10.1016/j.vetmic.2010.07.010
88,Jonny,maybe,26555536,Serological and Molecular Investigation of Swine Hepatitis E Virus in Pigs Raised in Southern Italy,"Costanzo N, Sarno E, Peretti V, Ciambrone L, Casalinuovo F, Santoro A.",J Food Prot. 2015 Nov;78(11):2099-102. doi: 10.4315/0362-028X.JFP-15-159.,Costanzo N,J Food Prot,2015,12/11/2015,,,10.4315/0362-028X.JFP-15-159
89,Jonny,NO,2665257,Surveillance and monitoring programmes in the control of rinderpest: a review,"Rossiter PB, Wamwayi HM.",Trop Anim Health Prod. 1989 May;21(2):89-99. doi: 10.1007/BF02236185.,Rossiter PB,Trop Anim Health Prod,1989,01/05/1989,,,10.1007/BF02236185
90,Jonny,YES,22168900,Seroprevalence evolution of selected pathogens in Iberian wild boar,"Boadella M, Ruiz-Fons JF, Vicente J, Martín M, Segalés J, Gortazar C.",Transbound Emerg Dis. 2012 Oct;59(5):395-404. doi: 10.1111/j.1865-1682.2011.01285.x. Epub 2011 Dec 13.,Boadella M,Transbound Emerg Dis,2012,16/12/2011,,,10.1111/j.1865-1682.2011.01285.x
91,Jonny,NO,12058591,Oral immunisation of wild boar against classical swine fever: concluding analysis of the recent field trials in Germany,"Kaden V, Heyne H, Kiupel H, Letz W, Kern B, Lemmer U, Gossger K, Rothe A, Böhme H, Tyrpe P.",Berl Munch Tierarztl Wochenschr. 2002 May-Jun;115(5-6):179-85.,Kaden V,Berl Munch Tierarztl Wochenschr,2002,13/06/2002,,,
92,Jonny,maybe,29390015,Genetic stability of foot-and-mouth disease virus during long-term infections in natural hosts,"Ramirez-Carvajal L, Pauszek SJ, Ahmed Z, Farooq U, Naeem K, Shabman RS, Stockwell TB, Rodriguez LL.",PLoS One. 2018 Feb 1;13(2):e0190977. doi: 10.1371/journal.pone.0190977. eCollection 2018.,Ramirez-Carvajal L,PLoS One,2018,02/02/2018,PMC5794060,,10.1371/journal.pone.0190977
93,Jonny,NO,17409007,Prevalence of feline immunodeficiency virus infection in domesticated and feral cats in eastern Australia,"Norris JM, Bell ET, Hales L, Toribio JA, White JD, Wigney DI, Baral RM, Malik R.",J Feline Med Surg. 2007 Aug;9(4):300-8. doi: 10.1016/j.jfms.2007.01.007. Epub 2007 Apr 3.,Norris JM,J Feline Med Surg,2007,06/04/2007,,,10.1016/j.jfms.2007.01.007
94,Jonny,NO,12771430,The implications of virus diversity within the SAT 2 serotype for control of foot-and-mouth disease in sub-Saharan Africa,"Bastos ADS, Haydon DT, Sangaré O, Boshoff CI, Edrich JL, Thomson GR.",J Gen Virol. 2003 Jun;84(Pt 6):1595-1606. doi: 10.1099/vir.0.18859-0.,Bastos ADS,J Gen Virol,2003,29/05/2003,,,10.1099/vir.0.18859-0
95,Jonny,NO,29891144,Stakeholder perceptions of foot-and-mouth disease control in South Africa,"Roberts LC, Fosgate GT.",Prev Vet Med. 2018 Aug 1;156:38-48. doi: 10.1016/j.prevetmed.2018.05.001. Epub 2018 May 4.,Roberts LC,Prev Vet Med,2018,13/06/2018,,,10.1016/j.prevetmed.2018.05.001
96,Jonny,YES,20546635,"Molecular epidemiology of hepatitis E virus in humans, pigs and wild boars in Sweden","Widén F, Sundqvist L, Matyi-Toth A, Metreveli G, Belák S, Hallgren G, Norder H.",Epidemiol Infect. 2011 Mar;139(3):361-71. doi: 10.1017/S0950268810001342. Epub 2010 Jun 14.,Widén F,Epidemiol Infect,2011,16/06/2010,,,10.1017/S0950268810001342
97,Jonny,maybe,26050570,Genetic variability and distribution of Classical swine fever virus,"Beer M, Goller KV, Staubach C, Blome S.",Anim Health Res Rev. 2015 Jun;16(1):33-9. doi: 10.1017/S1466252315000109.,Beer M,Anim Health Res Rev,2015,09/06/2015,,,10.1017/S1466252315000109
98,Jonny,YES,2078187,[Seroepidemiologic studies of the distribution of respiratory syncytial virus in wild ruminants],"Bergmann H, Dedek J, Loepelmann H.",Berl Munch Tierarztl Wochenschr. 1990 Dec 1;103(12):425-6.,Bergmann H,Berl Munch Tierarztl Wochenschr,1990,01/12/1990,,,
99,Jonny,YES,29260677,Detection and Circulation of a Novel Rabbit Hemorrhagic Disease Virus in Australia,"Mahar JE, Read AJ, Gu X, Urakova N, Mourant R, Piper M, Haboury S, Holmes EC, Strive T, Hall RN.",Emerg Infect Dis. 2018 Jan;24(1):22-31. doi: 10.3201/eid2401.170412.,Mahar JE,Emerg Infect Dis,2018,21/12/2017,PMC5749467,,10.3201/eid2401.170412
100,Jonny,NO,10403340,"Limited potential for mosquito transmission of genetically engineered, live-attenuated Venezuelan equine encephalitis virus vaccine candidates","Turell MJ, Ludwig GV, Kondig J, Smith JF.",Am J Trop Med Hyg. 1999 Jun;60(6):1041-4. doi: 10.4269/ajtmh.1999.60.1041.,Turell MJ,Am J Trop Med Hyg,1999,14/07/1999,,,10.4269/ajtmh.1999.60.1041
101,Jonny,YES,12454141,Evidence that rodents are a reservoir of hepatitis E virus for humans in Nepal,"He J, Innis BL, Shrestha MP, Clayson ET, Scott RM, Linthicum KJ, Musser GG, Gigliotti SC, Binn LN, Kuschner RA, Vaughn DW.",J Clin Microbiol. 2002 Dec;40(12):4493-8. doi: 10.1128/jcm.40.12.4493-4498.2002.,He J,J Clin Microbiol,2002,28/11/2002,PMC154618,,10.1128/jcm.40.12.4493-4498.2002
102,Jonny,NO,19854007,Preventive vaccination contributes to control classical swine fever in wild boar (Sus scrofa sp.),"Rossi S, Pol F, Forot B, Masse-Provin N, Rigaux S, Bronner A, Le Potier MF.",Vet Microbiol. 2010 Apr 21;142(1-2):99-107. doi: 10.1016/j.vetmic.2009.09.050. Epub 2009 Oct 3.,Rossi S,Vet Microbiol,2010,27/10/2009,,,10.1016/j.vetmic.2009.09.050
103,Jonny,NO,29331866,Development of a novel equine influenza virus live-attenuated vaccine,"Rodriguez L, Reedy S, Nogales A, Murcia PR, Chambers TM, Martinez-Sobrido L.",Virology. 2018 Mar;516:76-85. doi: 10.1016/j.virol.2018.01.005. Epub 2018 Jan 11.,Rodriguez L,Virology,2018,15/01/2018,PMC5840510,,10.1016/j.virol.2018.01.005
104,Jonny,NO,28725105,Porcine reproductive and respiratory syndrome virus (PRRSV) in pig meat,"Raymond P, Bellehumeur C, Nagarajan M, Longtin D, Ferland A, Müller P, Bissonnette R, Simard C.",Can J Vet Res. 2017 Jul;81(3):162-170.,Raymond P,Can J Vet Res,2017,21/07/2017,PMC5508380,,
105,Jonny,YES,25298239,Serological evidence for influenza virus infection in Korean wild boars,"Cho YY, Lim SI, Jeoung HY, Kim YK, Song JY, Lee JB, An DJ.",J Vet Med Sci. 2015 Jan;77(1):109-12. doi: 10.1292/jvms.14-0290. Epub 2014 Oct 7.,Cho YY,J Vet Med Sci,2015,10/10/2014,PMC4349547,,10.1292/jvms.14-0290
106,Jonny,NO,27977708,Foot-and-Mouth Disease Virus-Associated Abortion and Vertical Transmission following Acute Infection in Cattle under Natural Conditions,"Ranjan R, Biswal JK, Subramaniam S, Singh KP, Stenfeldt C, Rodriguez LL, Pattnaik B, Arzt J.",PLoS One. 2016 Dec 15;11(12):e0167163. doi: 10.1371/journal.pone.0167163. eCollection 2016.,Ranjan R,PLoS One,2016,16/12/2016,PMC5157973,,10.1371/journal.pone.0167163
107,Jonny,NO,1664551,Cryptosporidium infection in cats: prevalence of infection in domestic and feral cats in the Glasgow area,"Mtambo MM, Nash AS, Blewett DA, Smith HV, Wright S.",Vet Rec. 1991 Dec 7;129(23):502-4.,Mtambo MM,Vet Rec,1991,07/12/1991,,,
108,Jonny,NO,30197112,Avian influenza viruses in pigs: An overview,Bourret V.,Vet J. 2018 Sep;239:7-14. doi: 10.1016/j.tvjl.2018.07.005. Epub 2018 Jul 19.,Bourret V,Vet J,2018,11/09/2018,,,10.1016/j.tvjl.2018.07.005
109,Jonny,YES,24916442,Whole genome sequencing and phylogenetic analysis of Bluetongue virus serotype 2 strains isolated in the Americas including a novel strain from the western United States,"Gaudreault NN, Mayo CE, Jasperson DC, Crossley BM, Breitmeyer RE, Johnson DJ, Ostlund EN, MacLachlan NJ, Wilson WC.",J Vet Diagn Invest. 2014 Jul;26(4):553-557. doi: 10.1177/1040638714536902.,Gaudreault NN,J Vet Diagn Invest,2014,12/06/2014,,,10.1177/1040638714536902
110,Jonny,maybe,23850440,"Phylogeny, spatio-temporal phylodynamics and evolutionary scenario of Torque teno sus virus 1 (TTSuV1) and 2 (TTSuV2) in wild boars: fast dispersal and high genetic diversity","Cadar D, Kiss T, Ádám D, Cságola A, Novosel D, Tuboly T.",Vet Microbiol. 2013 Sep 27;166(1-2):200-13. doi: 10.1016/j.vetmic.2013.06.010. Epub 2013 Jun 21.,Cadar D,Vet Microbiol,2013,16/07/2013,,,10.1016/j.vetmic.2013.06.010
111,Jonny,NO,23511203,Intra-host variation structure of classical swine fever virus NS5B in relation to antiviral therapy,"Haegeman A, Vrancken R, Neyts J, Koenen F.",Antiviral Res. 2013 May;98(2):266-72. doi: 10.1016/j.antiviral.2013.03.005. Epub 2013 Mar 16.,Haegeman A,Antiviral Res,2013,21/03/2013,,,10.1016/j.antiviral.2013.03.005
112,Jonny,NO,26743534,"Genome sequencing and analysis of a novel recombinant porcine epidemic diarrhea virus strain from Henan, China","Li R, Qiao S, Yang Y, Guo J, Xie S, Zhou E, Zhang G.",Virus Genes. 2016 Feb;52(1):91-8. doi: 10.1007/s11262-015-1254-1. Epub 2016 Jan 7.,Li R,Virus Genes,2016,09/01/2016,PMC7089116,,10.1007/s11262-015-1254-1
113,Jonny,YES,30507946,Tissue tropisms opt for transmissible reassortants during avian and swine influenza A virus co-infection in swine,"Zhang X, Sun H, Cunningham FL, Li L, Hanson-Dorr K, Hopken MW, Cooley J, Long LP, Baroch JA, Li T, Schmit BS, Lin X, Olivier AK, Jarman RG, DeLiberto TJ, Wan XF.",PLoS Pathog. 2018 Dec 3;14(12):e1007417. doi: 10.1371/journal.ppat.1007417. eCollection 2018 Dec.,Zhang X,PLoS Pathog,2018,04/12/2018,PMC6292640,,10.1371/journal.ppat.1007417
114,Jonny,YES,28198455,Polymerase cross-linking spiral reaction (PCLSR) for detection of African swine fever virus (ASFV) in pigs and wild boars,"Woźniakowski G, Frączyk M, Kowalczyk A, Pomorska-Mól M, Niemczuk K, Pejsak Z.",Sci Rep. 2017 Feb 15;7:42903. doi: 10.1038/srep42903.,Woźniakowski G,Sci Rep,2017,16/02/2017,PMC5309890,,10.1038/srep42903
115,Jonny,maybe,22712423,Diversity of currently circulating rabies virus strains in Croatia,"Lojkić I, Cac Z, Bedeković T, Lemo N, Brstilo M, Müller T, Freuling CM.",Berl Munch Tierarztl Wochenschr. 2012 May-Jun;125(5-6):249-54.,Lojkić I,Berl Munch Tierarztl Wochenschr,2012,21/06/2012,,,
116,Jonny,YES,19442307,Detection of hepatitis E virus in wild boars of rural and urban regions in Germany and whole genome characterization of an endemic strain,"Schielke A, Sachs K, Lierz M, Appel B, Jansen A, Johne R.",Virol J. 2009 May 14;6:58. doi: 10.1186/1743-422X-6-58.,Schielke A,Virol J,2009,16/05/2009,PMC2689194,,10.1186/1743-422X-6-58
117,Jonny,NO,16555552,"Seroprevalence study of feline coronavirus in owned and feral cats in Sydney, Australia","Bell ET, Toribio JA, White JD, Malik R, Norris JM.",Aust Vet J. 2006 Mar;84(3):74-81. doi: 10.1111/j.1751-0813.2006.tb12231.x.,Bell ET,Aust Vet J,2006,25/03/2006,PMC7159529,,10.1111/j.1751-0813.2006.tb12231.x
118,Jonny,maybe,23758038,"[Occurrence and geographical distribution of antibodies to hepatitis E virus in wild boars of Saxony-Anhalt, Germany (2011)]","Denzin N, Borgwardt J.",Berl Munch Tierarztl Wochenschr. 2013 May-Jun;126(5-6):230-5.,Denzin N,Berl Munch Tierarztl Wochenschr,2013,14/06/2013,,,
119,Jonny,YES,11107628,"Sero-surveillance of wild boar in The Netherlands, 1996-1999","Elbers AR, Dekkers LJ, van der Giessen JW.",Rev Sci Tech. 2000 Dec;19(3):848-54. doi: 10.20506/rst.19.3.1254.,Elbers AR,Rev Sci Tech,2000,11/01/2000,,,10.20506/rst.19.3.1254
120,Jonny,NO,31859605,Genetic manipulation of porcine deltacoronavirus reveals insights into NS6 and NS7 functions: a novel strategy for vaccine design,"Zhang M, Li W, Zhou P, Liu D, Luo R, Jongkaewwattana A, He Q.",Emerg Microbes Infect. 2019 Dec 20;9(1):20-31. doi: 10.1080/22221751.2019.1701391. eCollection 2020.,Zhang M,Emerg Microbes Infect,2019,21/12/2019,PMC6968670,,10.1080/22221751.2019.1701391
121,Jonny,NO,30905773,Isolation and identification of a variant subtype G 2b porcine epidemic diarrhea virus and S gene sequence characteristic,"Zhu T, Du S, Cao D, Pei Z, Guo Y, Shao H, Wang H, Wang K, Hu G.",Infect Genet Evol. 2019 Jul;71:82-90. doi: 10.1016/j.meegid.2019.03.015. Epub 2019 Mar 21.,Zhu T,Infect Genet Evol,2019,26/03/2019,PMC7106306,,10.1016/j.meegid.2019.03.015
122,Jonny,maybe,18634494,Epidemiology and pathogenicity of African bat lyssaviruses,"Markotter W, Van Eeden C, Kuzmin IV, Rupprecht CE, Paweska JT, Swanepoel R, Fooks AR, Sabeta CT, Cliquet F, Nel LH.",Dev Biol (Basel). 2008;131:317-25.,Markotter W,Dev Biol (Basel),2008,19/07/2008,,,
123,Jonny,YES,11780256,[Sero-monitoring of notifiable diseases in wild boar in the Netherlands 1999-2001],"Elbers AR, Dekkers LJ, Spek GJ, Steinbusch LJ, van Exsel AC.",Tijdschr Diergeneeskd. 2001 Dec 15;126(24):779-81.,Elbers AR,Tijdschr Diergeneeskd,2001,10/01/2002,,,
124,Jonny,YES,16354809,West Nile virus serosurveillance in Iowa white-tailed deer (1999-2003),"Santaella J, McLean R, Hall JS, Gill JS, Bowen RA, Hadow HH, Clark L.",Am J Trop Med Hyg. 2005 Dec;73(6):1038-42.,Santaella J,Am J Trop Med Hyg,2005,16/12/2005,,,
125,Jonny,maybe,30019245,"Seroprevalence of bluetongue and presence of viral antigen and type-specific neutralizing antibodies in goats in Tripura, a state at Indo-Bangladesh border of northeastern India","De A, Das TK, Chand K, Debnath BC, Dey S, Hemadri D, Barman NN, Chaudhary JK, Muthuchelvan D, Saxena A, Tewari N, Chauhan A, Lohumi A, Biswas SK.",Trop Anim Health Prod. 2019 Jan;51(1):261-265. doi: 10.1007/s11250-018-1672-x. Epub 2018 Jul 17.,De A,Trop Anim Health Prod,2019,19/07/2018,,,10.1007/s11250-018-1672-x
126,Jonny,NO,8151810,"A serologic survey of selected viral and bacterial diseases of European wild hogs, Great Smoky Mountains National Park, USA","New JC Jr, Delozier K, Barton CE, Morris PJ, Potgieter LN.",J Wildl Dis. 1994 Jan;30(1):103-6. doi: 10.7589/0090-3558-30.1.103.,New JC Jr,J Wildl Dis,1994,01/01/1994,,,10.7589/0090-3558-30.1.103
127,Jonny,maybe,27692336,Ticks threatening lineage of Anatolian wild sheep (Ovis gmelinii anatolica) and determination of their tick-borne pathogens,"Orkun Ö, Emir H, Karaer Z.",Vet Parasitol. 2016 Sep 15;228:77-84. doi: 10.1016/j.vetpar.2016.08.013. Epub 2016 Aug 16.,Orkun Ö,Vet Parasitol,2016,04/10/2016,,,10.1016/j.vetpar.2016.08.013
128,Jonny,NO,19414034,Development of a reverse transcription multiplex real-time PCR for the detection and genotyping of classical swine fever virus,"Huang YL, Pang VF, Pan CH, Chen TH, Jong MH, Huang TS, Jeng CR.",J Virol Methods. 2009 Sep;160(1-2):111-8. doi: 10.1016/j.jviromet.2009.04.029. Epub 2009 May 3.,Huang YL,J Virol Methods,2009,06/05/2009,PMC7112934,,10.1016/j.jviromet.2009.04.029
129,Jonny,maybe,24680077,Seroprevalence of hepatitis E virus in pigs from different farming systems in The Netherlands,"Rutjes SA, Bouwknegt M, van der Giessen JW, de Roda Husman AM, Reusken CB.",J Food Prot. 2014 Apr;77(4):640-2. doi: 10.4315/0362-028X.JFP-13-302.,Rutjes SA,J Food Prot,2014,01/04/2014,,,10.4315/0362-028X.JFP-13-302
130,Jonny,YES,1759520,[An evaluation of the status of natural foci of Crimean-Congo hemorrhagic fever in the Crimea],"Markeshin SIa, Smirnova SE, Evstaf'ev IL.",Zh Mikrobiol Epidemiol Immunobiol. 1991 Sep;(9):47-50.,Markeshin SIa,Zh Mikrobiol Epidemiol Immunobiol,1991,01/09/1991,,,
131,Jonny,NO,25773541,Hepatitis E: A disease of reemerging importance,"Sridhar S, Lau SK, Woo PC.",J Formos Med Assoc. 2015 Aug;114(8):681-90. doi: 10.1016/j.jfma.2015.02.003. Epub 2015 Mar 12.,Sridhar S,J Formos Med Assoc,2015,17/03/2015,PMC7126687,,10.1016/j.jfma.2015.02.003
132,Jonny,maybe,18634479,Epidemiology of rabies in Southeast Europe,"Johnson N, Freuling C, Vos A, Un H, Valtchovski R, Turcitu M, Dumistrescu F, Vuta V, Velic R, Sandrac V, Aylan O, Müller T, Fooks AR.",Dev Biol (Basel). 2008;131:189-98.,Johnson N,Dev Biol (Basel),2008,19/07/2008,,,
133,Jonny,maybe,31482786,First Detection of Madariaga virus in Mosquitoes Collected in a Wild Environment of Northeastern Argentina,"Stechina OS, Oria GI, Torres C, Diaz LA, Contigiani M, Stein M.",Am J Trop Med Hyg. 2019 Oct;101(4):916-918. doi: 10.4269/ajtmh.19-0475.,Stechina OS,Am J Trop Med Hyg,2019,05/09/2019,PMC6779215,,10.4269/ajtmh.19-0475
134,Jonny,NO,26666181,Bluetongue: Indian perspective,"Ranjan K, Minakshi P, Prasad G.",Acta Virol. 2015 Dec;59(4):317-37. doi: 10.4149/av_2015_04_317.,Ranjan K,Acta Virol,2015,16/12/2015,,,10.4149/av_2015_04_317
135,Jonny,YES,1653104,A survey of cattle for antibodies against bluetongue and epizootic hemorrhagic disease of deer viruses in British Columbia and southwestern Alberta in 1987,"Shapiro JL, Wiegers A, Dulac GC, Bouffard A, Afshar A, Myers DJ, Dubuc C, Martin MW, Koller M.",Can J Vet Res. 1991 Apr;55(2):203-4.,Shapiro JL,Can J Vet Res,1991,01/04/1991,PMC1263446,,
136,Jonny,maybe,23166275,Complete genome sequence of porcine reproductive and respiratory syndrome virus strain ZCYZ isolated from hybrid wild boars,"Wu J, Liu S, Du Y, Gao Y, Wang G, Wang J.",J Virol. 2012 Dec;86(24):13882. doi: 10.1128/JVI.02729-12.,Wu J,J Virol,2012,21/11/2012,PMC3503024,,10.1128/JVI.02729-12
137,Jonny,NO,19901276,A multiplex real-time reverse transcription polymerase chain reaction assay for detection and differentiation of Bluetongue virus and Epizootic hemorrhagic disease virus serogroups,"Wilson WC, Hindson BJ, O'Hearn ES, Hall S, Tellgren-Roth C, Torres C, Naraghi-Arani P, Mecham JO, Lenhoff RJ.",J Vet Diagn Invest. 2009 Nov;21(6):760-70. doi: 10.1177/104063870902100602.,Wilson WC,J Vet Diagn Invest,2009,11/11/2009,,,10.1177/104063870902100602
138,Jonny,YES,22287399,Tickborne encephalitis virus antibodies in wild cervids in Belgium,"Linden A, Wirtgen M, Nahayo A, Heyman P, Niedrig M, Schulze Y.",Vet Rec. 2012 Jan;170(4):108. doi: 10.1136/vr.e646.,Linden A,Vet Rec,2012,31/01/2012,,,10.1136/vr.e646
139,Jonny,maybe,15671739,Black fly involvement in the epidemic transmission of vesicular stomatitis New Jersey virus (Rhabdoviridae: Vesiculovirus),"Mead DG, Howerth EW, Murphy MD, Gray EW, Noblet R, Stallknecht DE.",Vector Borne Zoonotic Dis. 2004 Winter;4(4):351-9. doi: 10.1089/vbz.2004.4.351.,Mead DG,Vector Borne Zoonotic Dis,2004,27/01/2005,,,10.1089/vbz.2004.4.351
140,Jonny,maybe,15567035,Molecular analysis of the proviral DNA of equine infectious anemia virus in mules in Greece,"Spyrou V, Papanastassopoulou M, Koumbati M, Nikolakaki SV, Koptopoulos G.",Virus Res. 2005 Jan;107(1):63-72. doi: 10.1016/j.virusres.2004.06.016.,Spyrou V,Virus Res,2005,30/11/2004,,,10.1016/j.virusres.2004.06.016
141,Jonny,NO,30847345,Atypical Porcine Pestivirus (APPV) as a New Species of Pestivirus in Pig Production,"Gatto IRH, Sonálio K, de Oliveira LG.",Front Vet Sci. 2019 Feb 21;6:35. doi: 10.3389/fvets.2019.00035. eCollection 2019.,Gatto IRH,Front Vet Sci,2019,09/03/2019,PMC6393339,,10.3389/fvets.2019.00035
142,Jonny,NO,20378136,Immune responses and expression of the virus-like particle antigen of the porcine encephalomyocarditis virus,"Jeoung HY, Lee WH, Jeong W, Ko YJ, Choi CU, An DJ.",Res Vet Sci. 2010 Oct;89(2):295-300. doi: 10.1016/j.rvsc.2010.03.012. Epub 2010 Apr 7.,Jeoung HY,Res Vet Sci,2010,10/04/2010,,,10.1016/j.rvsc.2010.03.012
143,Jonny,NO,28721511,"Molecular and phylogenetic characterization of bovine coronavirus virus isolated from dairy cattle in Central Region, Thailand","Singasa K, Songserm T, Lertwatcharasarakul P, Arunvipas P.",Trop Anim Health Prod. 2017 Oct;49(7):1523-1529. doi: 10.1007/s11250-017-1358-9. Epub 2017 Jul 18.,Singasa K,Trop Anim Health Prod,2017,20/07/2017,PMC7089240,,10.1007/s11250-017-1358-9
144,Jonny,NO,23209789,Specific residues in the 2009 H1N1 swine-origin influenza matrix protein influence virion morphology and efficiency of viral spread in vitro,"Bialas KM, Desmet EA, Takimoto T.",PLoS One. 2012;7(11):e50595. doi: 10.1371/journal.pone.0050595. Epub 2012 Nov 27.,Bialas KM,PLoS One,2012,05/12/2012,PMC3507794,,10.1371/journal.pone.0050595
145,Jonny,NO,17928901,Crypt abscesses in the caeca of feral rabbits in a rabbit haemorrhagic disease endemic region of New Zealand,"Henning J, Alley MR.",N Z Vet J. 2007 Oct;55(5):239-43. doi: 10.1080/00480169.2007.36775.,Henning J,N Z Vet J,2007,12/10/2007,,,10.1080/00480169.2007.36775
146,Jonny,maybe,12034487,Emergence and re-emergence of vesicular stomatitis in the United States,Rodríguez LL.,Virus Res. 2002 May 10;85(2):211-9. doi: 10.1016/s0168-1702(02)00026-6.,Rodríguez LL,Virus Res,2002,30/05/2002,,,10.1016/s0168-1702(02)00026-6
147,Jonny,maybe,8392629,Isolation and characterization of new wild-type isolates of bovine lentivirus,"Suarez DL, VanDerMaaten MJ, Wood C, Whetstone CA.",J Virol. 1993 Aug;67(8):5051-5.,Suarez DL,J Virol,1993,01/08/1993,PMC237896,,
148,Jonny,NO,8545965,Elimination of fox rabies from Belgium using a recombinant vaccinia-rabies vaccine: an update,"Brochier B, Costy F, Pastoret PP.",Vet Microbiol. 1995 Sep;46(1-3):269-79. doi: 10.1016/0378-1135(95)00091-n.,Brochier B,Vet Microbiol,1995,01/09/1995,,,10.1016/0378-1135(95)00091-n
149,Jonny,YES,29214558,Hepatitis E Seroprevalence and Genotyping in a Cohort of Wild Boars in Southern Germany and Eastern Alsace,"Weigand K, Weigand K, Schemmerer M, Müller M, Wenzel JJ.",Food Environ Virol. 2018 Jun;10(2):167-175. doi: 10.1007/s12560-017-9329-x. Epub 2017 Dec 6.,Weigand K,Food Environ Virol,2018,08/12/2017,,,10.1007/s12560-017-9329-x
150,Jonny,NO,22674991,Drosophila melanogaster as a model organism for bluetongue virus replication and tropism,"Shaw AE, Veronesi E, Maurin G, Ftaich N, Guiguen F, Rixon F, Ratinier M, Mertens P, Carpenter S, Palmarini M, Terzian C, Arnaud F.",J Virol. 2012 Sep;86(17):9015-24. doi: 10.1128/JVI.00131-12. Epub 2012 Jun 6.,Shaw AE,J Virol,2012,08/06/2012,PMC3416142,,10.1128/JVI.00131-12
151,Jonny,maybe,29331670,"Circulation of Alphacoronavirus, Betacoronavirus and Paramyxovirus in Hipposideros bat species in Zimbabwe","Bourgarel M, Pfukenyi DM, Boué V, Talignani L, Chiweshe N, Diop F, Caron A, Matope G, Missé D, Liégeois F.",Infect Genet Evol. 2018 Mar;58:253-257. doi: 10.1016/j.meegid.2018.01.007. Epub 2018 Jan 10.,Bourgarel M,Infect Genet Evol,2018,15/01/2018,PMC7106086,,10.1016/j.meegid.2018.01.007
152,Jonny,maybe,8487369,Differentiation of two rabies strains in Estonia with reference to recent Finnish isolates,"Kulonen K, Boldina I.",J Wildl Dis. 1993 Apr;29(2):209-13. doi: 10.7589/0090-3558-29.2.209.,Kulonen K,J Wildl Dis,1993,01/04/1993,,,10.7589/0090-3558-29.2.209
153,Jonny,YES,26313904,Shedding of Infectious Borna Disease Virus-1 in Living Bicolored White-Toothed Shrews,"Nobach D, Bourg M, Herzog S, Lange-Herbst H, Encarnação JA, Eickmann M, Herden C.",PLoS One. 2015 Aug 27;10(8):e0137018. doi: 10.1371/journal.pone.0137018. eCollection 2015.,Nobach D,PLoS One,2015,28/08/2015,PMC4552160,,10.1371/journal.pone.0137018
154,Jonny,maybe,28805043,Fatal peste des petits ruminants disease in Chowsingha,"Jaisree S, Aravindhbabu RP, Roy P, Jayathangaraj MG.",Transbound Emerg Dis. 2018 Feb;65(1):e198-e201. doi: 10.1111/tbed.12694. Epub 2017 Aug 14.,Jaisree S,Transbound Emerg Dis,2018,15/08/2017,,,10.1111/tbed.12694
155,Jonny,YES,29173594,Serological evidence of hepatitis E virus infection in zoo animals and identification of a rodent-borne strain in a Syrian brown bear,"Spahr C, Ryll R, Knauf-Witzens T, Vahlenkamp TW, Ulrich RG, Johne R.",Vet Microbiol. 2017 Dec;212:87-92. doi: 10.1016/j.vetmic.2017.11.005. Epub 2017 Nov 9.,Spahr C,Vet Microbiol,2017,28/11/2017,,,10.1016/j.vetmic.2017.11.005
156,Jonny,maybe,21715498,Analysis of intrahost variation in Venezuelan equine encephalitis virus reveals repeated deletions in the 6-kilodalton protein gene,"Forrester NL, Guerbois M, Adams AP, Liang X, Weaver SC.",J Virol. 2011 Sep;85(17):8709-17. doi: 10.1128/JVI.00165-11. Epub 2011 Jun 29.,Forrester NL,J Virol,2011,01/07/2011,PMC3165814,,10.1128/JVI.00165-11
157,Jonny,YES,26156024,Serological profile of foot-and-mouth disease in wildlife populations of West and Central Africa with special reference to Syncerus caffer subspecies,"Di Nardo A, Libeau G, Chardonnet B, Chardonnet P, Kock RA, Parekh K, Hamblin P, Li Y, Parida S, Sumption KJ.",Vet Res. 2015 Jul 8;46(1):77. doi: 10.1186/s13567-015-0213-0.,Di Nardo A,Vet Res,2015,10/07/2015,PMC4495843,,10.1186/s13567-015-0213-0
158,Jonny,NO,21320558,"Discovery of hepatitis E: the epidemic non-A, non-B hepatitis 30 years down the memory lane",Khuroo MS.,Virus Res. 2011 Oct;161(1):3-14. doi: 10.1016/j.virusres.2011.02.007. Epub 2011 Feb 12.,Khuroo MS,Virus Res,2011,16/02/2011,,,10.1016/j.virusres.2011.02.007
159,Jonny,maybe,19185599,Molecular characterization of Rabies Virus isolates from dogs and crab-eating foxes in Northeastern Brazil,"Carnieli P Jr, Castilho JG, Fahl Wde O, Véras NM, Carrieri ML, Kotait I.",Virus Res. 2009 Apr;141(1):81-9. doi: 10.1016/j.virusres.2008.12.015. Epub 2009 Jan 29.,Carnieli P Jr,Virus Res,2009,03/02/2009,,,10.1016/j.virusres.2008.12.015
160,Jonny,maybe,31107219,"Survey of Crimean-Congo Hemorrhagic Fever Enzootic Focus, Spain, 2011-2015","Negredo A, Habela MÁ, Ramírez de Arellano E, Diez F, Lasala F, López P, Sarriá A, Labiod N, Calero-Bernal R, Arenas M, Tenorio A, Estrada-Peña A, Sánchez-Seco MP.",Emerg Infect Dis. 2019 Jun;25(6):1177-1184. doi: 10.3201/eid2506.180877.,Negredo A,Emerg Infect Dis,2019,21/05/2019,PMC6537724,,10.3201/eid2506.180877
161,Jonny,YES,31074125,Phylogeographical and cross-species transmission dynamics of SAT1 and SAT2 foot-and-mouth disease virus in Eastern Africa,"Omondi G, Alkhamis MA, Obanda V, Gakuya F, Sangula A, Pauszek S, Perez A, Ngulu S, van Aardt R, Arzt J, VanderWaal K.",Mol Ecol. 2019 Jun;28(11):2903-2916. doi: 10.1111/mec.15125. Epub 2019 May 31.,Omondi G,Mol Ecol,2019,11/05/2019,,,10.1111/mec.15125
162,Jonny,NO,29267298,Distinct virulence of Rift Valley fever phlebovirus strains from different genetic lineages in a mouse model,"Ikegami T, Balogh A, Nishiyama S, Lokugamage N, Saito TB, Morrill JC, Shivanna V, Indran SV, Zhang L, Smith JK, Perez D, Juelich TL, Morozov I, Wilson WC, Freiberg AN, Richt JA.",PLoS One. 2017 Dec 21;12(12):e0189250. doi: 10.1371/journal.pone.0189250. eCollection 2017.,Ikegami T,PLoS One,2017,22/12/2017,PMC5739399,,10.1371/journal.pone.0189250
163,Jonny,NO,24690167,Experimental infection of rabbits with bovine viral diarrhoea virus by a natural route of exposure,"Bachofen C, Grant DM, Willoughby K, Zadoks RN, Dagleish MP, Russell GC.",Vet Res. 2014 Apr 2;45(1):34. doi: 10.1186/1297-9716-45-34.,Bachofen C,Vet Res,2014,03/04/2014,PMC4234416,,10.1186/1297-9716-45-34
164,Jonny,NO,9785509,Molecular epidemiology of African horse sickness virus based on analyses and comparisons of genome segments 7 and 10,"Zientara S, Sailleau C, Plateau E, Moulay S, Mertens PP, Crucière C.",Arch Virol Suppl. 1998;14:221-34. doi: 10.1007/978-3-7091-6823-3_20.,Zientara S,Arch Virol Suppl,1998,24/10/1998,,,10.1007/978-3-7091-6823-3_20
165,Jonny,NO,27175497,[Optimization of ELISA and immunoblot methods for the detection of IgG antibodies against old world hantaviruses in wild rodents],"Polat C, Karataş A, Sözen M, Matur F, Abacıoğlu H, Öktem MA.",Mikrobiyol Bul. 2016 Apr;50(2):245-55. doi: 10.5578/mb.23161.,Polat C,Mikrobiyol Bul,2016,14/05/2016,,,10.5578/mb.23161
166,Jonny,NO,21036195,"Epidemiology of human rabies in South Africa, 1983-2007","Weyer J, Szmyd-Potapczuk AV, Blumberg LH, Leman PA, Markotter W, Swanepoel R, Paweska JT, Nel LH.",Virus Res. 2011 Jan;155(1):283-90. doi: 10.1016/j.virusres.2010.10.023. Epub 2010 Oct 29.,Weyer J,Virus Res,2011,02/11/2010,,,10.1016/j.virusres.2010.10.023
167,Jonny,YES,25766761,Interplay between the Virus and Host in Rift Valley Fever Pathogenesis,"Terasaki K, Makino S.",Version 2. J Innate Immun. 2015;7(5):450-8. doi: 10.1159/000373924. Epub 2015 Feb 27.,Terasaki K,J Innate Immun,2015,14/03/2015,PMC4551617,NIHMS656516,10.1159/000373924
168,Jonny,maybe,16412222,A molecular epidemiological study of rabies epizootics in kudu (Tragelaphus strepsiceros) in Namibia,"Mansfield K, McElhinney L, Hübschle O, Mettler F, Sabeta C, Nel LH, Fooks AR.",BMC Vet Res. 2006 Jan 13;2:2. doi: 10.1186/1746-6148-2-2.,Mansfield K,BMC Vet Res,2006,18/01/2006,PMC1382222,,10.1186/1746-6148-2-2
169,Jonny,YES,23223618,Epidemiology and host spectrum of Borna disease virus infections,"Kinnunen PM, Palva A, Vaheri A, Vapalahti O.",J Gen Virol. 2013 Feb;94(Pt 2):247-262. doi: 10.1099/vir.0.046961-0. Epub 2012 Dec 5.,Kinnunen PM,J Gen Virol,2013,11/12/2012,,,10.1099/vir.0.046961-0
170,Jonny,NO,20546631,"Genetic evidence for domestic raccoon dog rabies caused by Arctic-like rabies virus in Inner Mongolia, China","Shao XQ, Yan XJ, Luo GL, Zhang HL, Chai XL, Wang FX, Wang JK, Zhao JJ, Wu W, Cheng SP, Yang FH, Qin XC, Zhang YZ.",Epidemiol Infect. 2011 Apr;139(4):629-35. doi: 10.1017/S0950268810001263. Epub 2010 Jun 14.,Shao XQ,Epidemiol Infect,2011,16/06/2010,,,10.1017/S0950268810001263
171,Jonny,YES,12191660,Aspects of the persistence of foot-and-mouth disease virus in animals--the carrier problem,"Alexandersen S, Zhang Z, Donaldson AI.",Microbes Infect. 2002 Aug;4(10):1099-110. doi: 10.1016/s1286-4579(02)01634-9.,Alexandersen S,Microbes Infect,2002,23/08/2002,,,10.1016/s1286-4579(02)01634-9
172,Jonny,YES,29669948,"Survey of tick-borne zoonotic viruses in wild deer in Hokkaido, Japan","Uchida L, Hayasaka D, Ngwe Tun MM, Morita K, Muramatsu Y, Hagiwara K.",J Vet Med Sci. 2018 Jun 29;80(6):985-988. doi: 10.1292/jvms.18-0017. Epub 2018 Apr 19.,Uchida L,J Vet Med Sci,2018,20/04/2018,PMC6021891,,10.1292/jvms.18-0017
173,Jonny,NO,27341437,Tick-Borne Encephalitis Virus Structural Proteins Are the Primary Viral Determinants of Non-Viraemic Transmission between Ticks whereas Non-Structural Proteins Affect Cytotoxicity,"Khasnatinov MA, Tuplin A, Gritsun DJ, Slovak M, Kazimirova M, Lickova M, Havlikova S, Klempa B, Labuda M, Gould EA, Gritsun TS.",PLoS One. 2016 Jun 24;11(6):e0158105. doi: 10.1371/journal.pone.0158105. eCollection 2016.,Khasnatinov MA,PLoS One,2016,25/06/2016,PMC4920422,,10.1371/journal.pone.0158105
174,Jonny,YES,29488458,Experimental Infection of White-Tailed Deer (Odocoileus virginanus) with Heartland Virus,"Clarke LL, Ruder MG, Mead D, Howerth EW.",Am J Trop Med Hyg. 2018 Apr;98(4):1194-1196. doi: 10.4269/ajtmh.17-0963. Epub 2018 Feb 22.,Clarke LL,Am J Trop Med Hyg,2018,01/03/2018,PMC5928841,,10.4269/ajtmh.17-0963
175,Jonny,NO,22328916,Qualitative release assessment to estimate the likelihood of henipavirus entering the United Kingdom,"Snary EL, Ramnial V, Breed AC, Stephenson B, Field HE, Fooks AR.",PLoS One. 2012;7(2):e27918. doi: 10.1371/journal.pone.0027918. Epub 2012 Feb 6.,Snary EL,PLoS One,2012,14/02/2012,PMC3273481,,10.1371/journal.pone.0027918
176,Jonny,YES,31751424,First evidence of hepatitis E virus infection in a small mammal (yellow-necked mouse) from Croatia,"Prpić J, Keros T, Vucelja M, Bjedov L, Đaković Rode O, Margaletić J, Habrun B, Jemeršić L.",PLoS One. 2019 Nov 21;14(11):e0225583. doi: 10.1371/journal.pone.0225583. eCollection 2019.,Prpić J,PLoS One,2019,22/11/2019,PMC6874066,,10.1371/journal.pone.0225583
177,Jonny,NO,23255811,Early adaptive immune responses in the respiratory tract of foot-and-mouth disease virus-infected cattle,"Pega J, Bucafusco D, Di Giacomo S, Schammas JM, Malacari D, Capozzo AV, Arzt J, Pérez-Beascoechea C, Maradei E, Rodríguez LL, Borca MV, Pérez-Filgueira M.",J Virol. 2013 Mar;87(5):2489-95. doi: 10.1128/JVI.02879-12. Epub 2012 Dec 19.,Pega J,J Virol,2013,21/12/2012,PMC3571376,,10.1128/JVI.02879-12
178,Jonny,YES,31817946,Camelids and Cattle Are Dead-End Hosts for Peste-des-Petits-Ruminants Virus,"Schulz C, Fast C, Wernery U, Kinne J, Joseph S, Schlottau K, Jenckel M, Höper D, Patteril NAG, Syriac G, Hoffmann B, Beer M.",Viruses. 2019 Dec 8;11(12):1133. doi: 10.3390/v11121133.,Schulz C,Viruses,2019,11/12/2019,PMC6950723,,10.3390/v11121133
179,Jonny,YES,15827230,Eastern equine encephalitis in a free-ranging white-tailed deer (Odocoileus virginianus),"Tate CM, Howerth EW, Stallknecht DE, Allison AB, Fischer JR, Mead DG.",J Wildl Dis. 2005 Jan;41(1):241-5. doi: 10.7589/0090-3558-41.1.241.,Tate CM,J Wildl Dis,2005,14/04/2005,,,10.7589/0090-3558-41.1.241
180,Jonny,NO,24084601,Hepatitis E virus seroprevalence and risk factors for individuals in working contact with animals,"Chaussade H, Rigaud E, Allix A, Carpentier A, Touzé A, Delzescaux D, Choutet P, Garcia-Bonnet N, Coursaget P.",J Clin Virol. 2013 Nov;58(3):504-8. doi: 10.1016/j.jcv.2013.08.030. Epub 2013 Sep 12.,Chaussade H,J Clin Virol,2013,03/10/2013,,,10.1016/j.jcv.2013.08.030
181,Jonny,NO,27552296,High prevalence of anti-hepatitis E virus antibodies in outpatients with chronic liver disease in a university medical center in Germany,"Schulz M, Beha D, Plehm K, Zöllner C, Hofmann J, Schott E.",Eur J Gastroenterol Hepatol. 2016 Dec;28(12):1431-1436. doi: 10.1097/MEG.0000000000000729.,Schulz M,Eur J Gastroenterol Hepatol,2016,24/08/2016,,,10.1097/MEG.0000000000000729
182,Jonny,YES,25906163,High prevalence of hepatitis e virus in Swedish moose--a phylogenetic characterization and comparison of the virus from different regions,"Lin J, Karlsson M, Olofson AS, Belák S, Malmsten J, Dalin AM, Widén F, Norder H.",PLoS One. 2015 Apr 23;10(4):e0122102. doi: 10.1371/journal.pone.0122102. eCollection 2015.,Lin J,PLoS One,2015,24/04/2015,PMC4408071,,10.1371/journal.pone.0122102
183,Jonny,NO,21901093,Histo-blood group antigens act as attachment factors of rabbit hemorrhagic disease virus infection in a virus strain-dependent manner,"Nyström K, Le Gall-Reculé G, Grassi P, Abrantes J, Ruvoën-Clouet N, Le Moullac-Vaidye B, Lopes AM, Esteves PJ, Strive T, Marchandeau S, Dell A, Haslam SM, Le Pendu J.",PLoS Pathog. 2011 Aug;7(8):e1002188. doi: 10.1371/journal.ppat.1002188. Epub 2011 Aug 25.,Nyström K,PLoS Pathog,2011,09/09/2011,PMC3161982,,10.1371/journal.ppat.1002188
184,Jonny,NO,26931387,Innate and adaptive immune responses to tick-borne flavivirus infection in sheep,"Mansfield KL, Johnson N, Banyard AC, Núñez A, Baylis M, Solomon T, Fooks AR.",Vet Microbiol. 2016 Mar 15;185:20-8. doi: 10.1016/j.vetmic.2016.01.015. Epub 2016 Jan 22.,Mansfield KL,Vet Microbiol,2016,03/03/2016,,,10.1016/j.vetmic.2016.01.015
185,Jonny,NO,25681862,"A scoping review of the evidence for public health risks of three emerging potentially zoonotic viruses: hepatitis E virus, norovirus, and rotavirus","Wilhelm B, Waddell L, Greig J, Rajić A, Houde A, McEwen SA.",Prev Vet Med. 2015 Apr 1;119(1-2):61-79. doi: 10.1016/j.prevetmed.2015.01.015. Epub 2015 Jan 24.,Wilhelm B,Prev Vet Med,2015,16/02/2015,,,10.1016/j.prevetmed.2015.01.015
186,Jonny,maybe,29776384,Competence of mosquitoes native to the United Kingdom to support replication and transmission of Rift Valley fever virus,"Lumley S, Hernández-Triana LM, Horton DL, Fernández de Marco MDM, Medlock JM, Hewson R, Fooks AR, Johnson N.",Parasit Vectors. 2018 May 18;11(1):308. doi: 10.1186/s13071-018-2884-7.,Lumley S,Parasit Vectors,2018,20/05/2018,PMC5960175,,10.1186/s13071-018-2884-7
187,Jonny,YES,19183811,Forest structure and roe deer abundance predict tick-borne encephalitis risk in Italy,"Rizzoli A, Hauffe HC, Tagliapietra V, Neteler M, Rosà R.",PLoS One. 2009;4(2):e4336. doi: 10.1371/journal.pone.0004336. Epub 2009 Feb 2.,Rizzoli A,PLoS One,2009,03/02/2009,PMC2629566,,10.1371/journal.pone.0004336
188,Jonny,NO,11880045,Isolation of Nipah virus from Malaysian Island flying-foxes,"Chua KB, Koh CL, Hooi PS, Wee KF, Khong JH, Chua BH, Chan YP, Lim ME, Lam SK.",Microbes Infect. 2002 Feb;4(2):145-51. doi: 10.1016/s1286-4579(01)01522-2.,Chua KB,Microbes Infect,2002,07/03/2002,,,10.1016/s1286-4579(01)01522-2
189,Jonny,NO,24807175,Molecular typing of epizootic hemorrhagic disease virus serotypes by one-step multiplex RT-PCR,"Sun F, Cochran M, Beckham T, Clavijo A.",J Wildl Dis. 2014 Jul;50(3):639-44. doi: 10.7589/2013-11-302. Epub 2014 May 7.,Sun F,J Wildl Dis,2014,09/05/2014,,,10.7589/2013-11-302
190,Jonny,NO,21987737,VP24 is a molecular determinant of Ebola virus virulence in guinea pigs,"Mateo M, Carbonnelle C, Reynard O, Kolesnikova L, Nemirov K, Page A, Volchkova VA, Volchkov VE.",J Infect Dis. 2011 Nov;204 Suppl 3:S1011-20. doi: 10.1093/infdis/jir338.,Mateo M,J Infect Dis,2011,12/10/2011,,,10.1093/infdis/jir338
191,Jonny,maybe,11193658,Laboratory vector competence of black flies (Diptera:Simuliidae) for the Indiana serotype of vesicular stomatitis virus,"Mead DG, Ramberg FB, Maré CJ.",Ann N Y Acad Sci. 2000;916:437-43. doi: 10.1111/j.1749-6632.2000.tb05323.x.,Mead DG,Ann N Y Acad Sci,2000,24/02/2001,,,10.1111/j.1749-6632.2000.tb05323.x
192,Jonny,NO,27902399,Truncation of the enzootic nasal tumor virus envelope protein cytoplasmic tail increases Env-mediated fusion and infectivity,"Walsh SR, de Jong JG, van Vloten JP, Gerpe MCR, Santry LA, Wootton SK.",J Gen Virol. 2017 Jan;98(1):108-120. doi: 10.1099/jgv.0.000654. Epub 2017 Feb 6.,Walsh SR,J Gen Virol,2017,01/12/2016,,,10.1099/jgv.0.000654
193,Jonny,NO,24525290,"Using the ferret model to study morbillivirus entry, spread, transmission and cross-species infection","Ludlow M, Rennick LJ, Nambulli S, de Swart RL, Duprex WP.",Curr Opin Virol. 2014 Feb;4:15-23. doi: 10.1016/j.coviro.2013.11.001. Epub 2013 Dec 6.,Ludlow M,Curr Opin Virol,2014,15/02/2014,,,10.1016/j.coviro.2013.11.001
194,Jonny,YES,25069623,"Lowly pathogenic avian influenza (H9N2) infection in Plateau pika (Ochotona curzoniae), Qinghai Lake, China","Yu Z, Cheng K, Sun W, Xin Y, Cai J, Ma R, Zhao Q, Li L, Huang J, Sang X, Li X, Zhang K, Wang T, Qin C, Qian J, Gao Y, Xia X.",Vet Microbiol. 2014 Sep 17;173(1-2):132-5. doi: 10.1016/j.vetmic.2014.07.002. Epub 2014 Jul 12.,Yu Z,Vet Microbiol,2014,30/07/2014,,,10.1016/j.vetmic.2014.07.002
195,Jonny,YES,23808981,Tick-borne encephalitis virus and louping-ill virus may co-circulate in Southern Norway,"Ytrehus B, Vainio K, Dudman SG, Gilray J, Willoughby K.",Vector Borne Zoonotic Dis. 2013 Oct;13(10):762-8. doi: 10.1089/vbz.2012.1023. Epub 2013 Jun 29.,Ytrehus B,Vector Borne Zoonotic Dis,2013,02/07/2013,,,10.1089/vbz.2012.1023
196,Jonny,YES,30570714,Genetic Evidence of Middle East Respiratory Syndrome Coronavirus (MERS-Cov) and Widespread Seroprevalence among Camels in Kenya,"Ommeh S, Zhang W, Zohaib A, Chen J, Zhang H, Hu B, Ge XY, Yang XL, Masika M, Obanda V, Luo Y, Li S, Waruhiu C, Li B, Zhu Y, Ouma D, Odendo V, Wang LF, Anderson DE, Lichoti J, Mungube E, Gakuya F, Zhou P, Ngeiywa KJ, Yan B, Agwanda B, Shi ZL.",Virol Sin. 2018 Dec;33(6):484-492. doi: 10.1007/s12250-018-0076-4. Epub 2018 Dec 20.,Ommeh S,Virol Sin,2018,21/12/2018,PMC6335226,,10.1007/s12250-018-0076-4
197,Jonny,maybe,11880422,Antigenic diversity and distribution of rabies virus in Mexico,"Velasco-Villa A, Gómez-Sierra M, Hernández-Rodríguez G, Juárez-Islas V, Meléndez-Félix A, Vargas-Pino F, Velázquez-Monroy O, Flisser A.",J Clin Microbiol. 2002 Mar;40(3):951-8. doi: 10.1128/jcm.40.3.951-958.2002.,Velasco-Villa A,J Clin Microbiol,2002,07/03/2002,PMC120240,,10.1128/jcm.40.3.951-958.2002
198,Jonny,YES,19215576,"Serological evidence of infection with hepatitis E virus among wild Yezo-deer, Cervus nippon yesoensis, in Hokkaido, Japan","Tomiyama D, Inoue E, Osawa Y, Okazaki K.",J Viral Hepat. 2009 Jul;16(7):524-8. doi: 10.1111/j.1365-2893.2009.01107.x. Epub 2009 Feb 8.,Tomiyama D,J Viral Hepat,2009,14/02/2009,,,10.1111/j.1365-2893.2009.01107.x
199,Jonny,maybe,27661997,Divergent Sapovirus Strains and Infection Prevalence in Wild Carnivores in the Serengeti Ecosystem: A Long-Term Study,"Olarte-Castillo XA, Hofer H, Goller KV, Martella V, Moehlman PD, East ML.",PLoS One. 2016 Sep 23;11(9):e0163548. doi: 10.1371/journal.pone.0163548. eCollection 2016.,Olarte-Castillo XA,PLoS One,2016,24/09/2016,PMC5035092,,10.1371/journal.pone.0163548
200,Jonny,maybe,23452510,"A conceptual model for the impact of climate change on fox rabies in Alaska, 1980-2010","Kim BI, Blanton JD, Gilbert A, Castrodale L, Hueffer K, Slate D, Rupprecht CE.",Zoonoses Public Health. 2014 Feb;61(1):72-80. doi: 10.1111/zph.12044. Epub 2013 Mar 4.,Kim BI,Zoonoses Public Health,2014,05/03/2013,PMC3701727,NIHMS445364,10.1111/zph.12044
201,Jonny,maybe,23421895,Serologic evidence of Crimean-Congo hemorrhagic fever virus infection in Hungary,"Németh V, Oldal M, Egyed L, Gyuranecz M, Erdélyi K, Kvell K, Kalvatchev N, Zeller H, Bányai K, Jakab F.",Vector Borne Zoonotic Dis. 2013 Apr;13(4):270-2. doi: 10.1089/vbz.2012.1011. Epub 2013 Feb 19.,Németh V,Vector Borne Zoonotic Dis,2013,21/02/2013,,,10.1089/vbz.2012.1011
202,Jonny,NO,21062425,Study of the kinetics of antibodies titres against viral pathogens and detection of rotavirus and parainfluenza 3 infections in captive crias of guanacos (Lama guanicoe),"Marcoppido G, Olivera V, Bok K, Parreño V.",Transbound Emerg Dis. 2011 Feb;58(1):37-43. doi: 10.1111/j.1865-1682.2010.01176.x. Epub 2010 Nov 10.,Marcoppido G,Transbound Emerg Dis,2011,11/11/2010,,,10.1111/j.1865-1682.2010.01176.x
203,Jonny,maybe,26336221,Crimean-Congo Hemorrhagic Fever Virus Clade IV (Asia 1) in Ticks of Western Iran,"Kayedi MH, Chinikar S, Mostafavi E, Khakifirouz S, Jalali T, Hosseini-Chegeni A, Naghizadeh A, Niedrig M, Fooks AR, Shahhosseini N.",J Med Entomol. 2015 Sep;52(5):1144-9. doi: 10.1093/jme/tjv081. Epub 2015 Jun 27.,Kayedi MH,J Med Entomol,2015,04/09/2015,,,10.1093/jme/tjv081
204,Jonny,NO,19893480,"Human vaccinia infection after contact with a raccoon rabies vaccine bait - Pennsylvania, 2009",Centers for Disease Control and Prevention (CDC).,MMWR Morb Mortal Wkly Rep. 2009 Nov 6;58(43):1204-7.,Centers for Disease Control and Prevention (CDC),MMWR Morb Mortal Wkly Rep,2009,07/11/2009,,,
205,Jonny,NO,21163029,[Study on the status of infection and distribution of rabies virus in China],"Yu JN, Li H, Tang Q, Tao XY, Wu H, Mo ZJ, Zhang H, Wang DM, Weng JQ, Shen RH, Zhu FC, Wang XJ, Liu H, Shen XX, Wang SM.",Zhonghua Liu Xing Bing Xue Za Zhi. 2010 May;31(5):521-4.,Yu JN,Zhonghua Liu Xing Bing Xue Za Zhi,2010,18/12/2010,,,
206,Jonny,maybe,27320168,Global Foot-and-Mouth Disease Research Update and Gap Analysis: 7 - Pathogenesis and Molecular Biology,"Robinson L, Knight-Jones TJ, Charleston B, Rodriguez LL, Gay CG, Sumption KJ, Vosloo W.",Transbound Emerg Dis. 2016 Jun;63 Suppl 1:63-71. doi: 10.1111/tbed.12520.,Robinson L,Transbound Emerg Dis,2016,21/06/2016,,,10.1111/tbed.12520
207,Jonny,maybe,7596566,"African horsesickness epidemiology: five species of Culicoides (Diptera: Ceratopogonidae) collected live behind the ears and at the dung of the African elephant in the Kruger National Park, South Africa","Meiswinkel R, Braack LE.",Onderstepoort J Vet Res. 1994 Jun;61(2):155-70.,Meiswinkel R,Onderstepoort J Vet Res,1994,01/06/1994,,,
208,Jonny,maybe,17019773,"Effects of time after infection, mosquito genotype, and infectious viral dose on the dynamics of Culex tarsalis vector competence for western equine encephalomyelitis virus","Mahmood F, Chiles RE, Fang Y, Green EN, Reisen WK.",J Am Mosq Control Assoc. 2006 Jun;22(2):272-81. doi: 10.2987/8756-971X(2006)22[272:EOTAIM]2.0.CO;2.,Mahmood F,J Am Mosq Control Assoc,2006,06/10/2006,,,10.2987/8756-971X(2006)22[272:EOTAIM]2.0.CO;2
209,Jonny,maybe,30952778,Detection of Seoul virus in wild brown rats (Rattus norvegicus) from pig farms in Northern England,"Murphy EG, Williams NJ, Bennett M, Jennings D, Chantrey J, McElhinney LM.",Vet Rec. 2019 Apr 27;184(17):525. doi: 10.1136/vr.105249. Epub 2019 Apr 5.,Murphy EG,Vet Rec,2019,07/04/2019,PMC6582813,,10.1136/vr.105249
210,Jonny,NO,14578210,A golden hamster model for human acute Nipah virus infection,"Wong KT, Grosjean I, Brisson C, Blanquier B, Fevre-Montange M, Bernard A, Loth P, Georges-Courbot MC, Chevallier M, Akaoka H, Marianneau P, Lam SK, Wild TF, Deubel V.",Am J Pathol. 2003 Nov;163(5):2127-37. doi: 10.1016/S0002-9440(10)63569-9.,Wong KT,Am J Pathol,2003,28/10/2003,PMC1892425,,10.1016/S0002-9440(10)63569-9
211,Jonny,NO,20034646,The non-pathogenic Australian lagovirus RCV-A1 causes a prolonged infection and elicits partial cross-protection to rabbit haemorrhagic disease virus,"Strive T, Wright J, Kovaliski J, Botti G, Capucci L.",Virology. 2010 Mar 1;398(1):125-34. doi: 10.1016/j.virol.2009.11.045. Epub 2010 Jan 19.,Strive T,Virology,2010,26/12/2009,,,10.1016/j.virol.2009.11.045
212,Jonny,maybe,28011732,"Effects of Irrigation and Rainfall on the Population Dynamics of Rift Valley Fever and Other Arbovirus Mosquito Vectors in the Epidemic-Prone Tana River County, Kenya","Sang R, Lutomiah J, Said M, Makio A, Koka H, Koskei E, Nyunja A, Owaka S, Matoke-Muhia D, Bukachi S, Lindahl J, Grace D, Bett B.",J Med Entomol. 2017 Mar 1;54(2):460-470. doi: 10.1093/jme/tjw206.,Sang R,J Med Entomol,2017,25/12/2016,PMC5850818,,10.1093/jme/tjw206
213,Jonny,maybe,26473733,"Serological Evidence of MERS-CoV Antibodies in Dromedary Camels (Camelus dromedaries) in Laikipia County, Kenya","Deem SL, Fèvre EM, Kinnaird M, Browne AS, Muloi D, Godeke GJ, Koopmans M, Reusken CB.",PLoS One. 2015 Oct 16;10(10):e0140125. doi: 10.1371/journal.pone.0140125. eCollection 2015.,Deem SL,PLoS One,2015,17/10/2015,PMC4608777,,10.1371/journal.pone.0140125
214,Jonny,NO,9025142,Rift Valley fever in Nigeria: infections in humans,"Olaleye OD, Tomori O, Ladipo MA, Schmitz H.",Rev Sci Tech. 1996 Sep;15(3):923-35. doi: 10.20506/rst.15.3.967.,Olaleye OD,Rev Sci Tech,1996,01/09/1996,,,10.20506/rst.15.3.967
215,Jonny,YES,21592155,Determinants of tick-borne encephalitis virus antibody presence in roe deer (Capreolus capreolus) sera,"Kiffner C, Vor T, Hagedorn P, Niedrig M, Rühe F.",Med Vet Entomol. 2012 Mar;26(1):18-25. doi: 10.1111/j.1365-2915.2011.00961.x. Epub 2011 May 18.,Kiffner C,Med Vet Entomol,2012,20/05/2011,,,10.1111/j.1365-2915.2011.00961.x
216,Jonny,YES,1200251,Trivittatus virus infections in wild mammals and sentinel rabbits in central Iowa,"Pinger RR, Rowley WA, Wong YW, Dorsey DC.",Am J Trop Med Hyg. 1975 Nov;24(6 Pt 1):1006-9. doi: 10.4269/ajtmh.1975.24.1006.,Pinger RR,Am J Trop Med Hyg,1975,01/11/1975,,,10.4269/ajtmh.1975.24.1006
217,Jonny,YES,32300568,"Geographical restriction of Hepatitis E virus circulation in wild boars (Sus scrofa) in Emilia-Romagna region, Northern Italy","Bonardi S, Filipello V, Pavoni E, Carta V, Bolzoni L, Corradi M, Gilioli S, Losio MN.",Ital J Food Saf. 2020 Apr 6;9(1):8463. doi: 10.4081/ijfs.2020.8463. eCollection 2020 Mar 31.,Bonardi S,Ital J Food Saf,2020,18/04/2020,PMC7154598,,10.4081/ijfs.2020.8463
218,Jonny,NO,20937849,A new mouse model reveals a critical role for host innate immunity in resistance to Rift Valley fever,"do Valle TZ, Billecocq A, Guillemot L, Alberts R, Gommet C, Geffers R, Calabrese K, Schughart K, Bouloy M, Montagutelli X, Panthier JJ.",J Immunol. 2010 Nov 15;185(10):6146-56. doi: 10.4049/jimmunol.1000949. Epub 2010 Oct 11.,do Valle TZ,J Immunol,2010,13/10/2010,,,10.4049/jimmunol.1000949
