Virus,,,,,,,,,,Ecology,,,,,,Basic Info,,,,,,Pathogenesis,,,,,,,,,,,,,,,Extrinsic Factors,,,,,,,,,,,,,,,,,,,,,,,,,,,,,,,,,,,,,,,,,,,,,,,,,,,,,Case report,,,,,,,,,,,,,,
Virus_Name,Order,Family,Genus,Zoonotic,sOrigin,Spillover Direction,Host Species,Spillover Species,WildDomCap,Transmission_Mode,Transmission_Route,Shedding_Route,Vector,Host,Host_Range,DNAorRNA,Stranded,Virus diameter (nm),Envelope,Segmented,GenomeAveLenght (bp),Replication_Site,Attachment_Site,Spread_Mechanism,Entry_Mechanism,Cell_Receptor,Receptor_Distribution,Shedding_Period,Shedding_Length,Mortality_Rate,Viraemia,Cell_Tropism ,Systems/organs affected,Incubation Period,Reference,Reference,unclear,change in host distribution,change in host abundance,reservoir epidemic,change in vector distribution,change in vector abundance,change in vector control,introduced/invasive species,human-animal contact,livestock- and domestic-wildlife interface,encroachment,hunting,provisioning,local livestock production,industrial livestock production,agricultural activity,aquaculture,wetland cultivation,deforestation,reforestation,logging,mining,irrigation,dam building,human demographic change,human population density,urbanization,climate change,food contamination,water contamination,soil contamination,Vehicle contamination,sewage management,road building,international movement of animal,intranational movement of animals,socioeconomic change,cultural/religious beliefs or practices,public health infrastructure,vaccination breakdown,ineffective vaccine,Incomplete vaccination coverage ,immunosuppression,co-infection,war/conflict,famine,malnourishment,natural disasters,weather conditions,Reference_DOI,First.Author,Publication.Year,Notes,Reservoir,Occurence Date,Location,Scenario,Clin Disease ,Histopath,Fatalities,Seroprevalence,N of cases/positive samples,%Seropositive,Serotype/Strains,Transmission,Other,Type of study,Case_Reference
Classical Swine Fever,Amarillovirales,Flaviviridae,Pestivirus,0,NA (should be China according to following research papers),D-W?,Domestic pigs,Wild boars,Wild,"Direct/indirect contact, Vertical","excretions, secretions, and fomites (such as shoes, clothing, and
vehicles), feeding with garbage and
kitchen scrap; pregnant sow to fetuses","saliva, lacrimal secretions, urine, feces, and semen",N,"Domestic pigs, European wild boar, common warthogs and bushpigs",Narrow (Suidae family),RNA,SS,,enveloped,FALSE,12240.5,Tonsils,,"surrounding lymphoid tissues, spleen, bone marrow, and visceral lymph nodes",receptor mediated endocytosis,"porcine complement regulatory protein CD 46, heparan sulfates,   glycoproteins E2, Erns",,life-long,continuously or intermittently,Up to 100%,,"vascular endothelium, mononuclear phagocytic cells, and other cells of the
immune system","lymphoid, respiratory, gastrointestinal, CNS, spleen, kidney ",acute: 2-7 d; chronic: up to 1 mo,https://www.ncbi.nlm.nih.gov/pmc/articles/PMC5408692/ ,Fenner's Veterinary Virology,0,0,0,1,0,0,0,0,0,0,0,0,0,1,1,0,0,0,0,0,0,0,0,0,0,0,0,0,0,0,0,0,0,0,0,0,0,0,0,0,0,0,0,0,0,0,0,0,0,10.4142/jvs.2017.18.2.201,Lim SI,2017,"The YC11WB isolate (from wild boars) produced more serious symptoms
and higher mortality in breeding pigs than those from the SW03
isolate (from domestic pigs) ——better look at this paper again",,,,,,,,,,,,,,,
Classical Swine Fever,Amarillovirales,Flaviviridae,Pestivirus,0,China,W-D,Wild boars,Domestic pigs,Domestic,"Direct/indirect contact, Vertical","excretions, secretions, and fomites (such as shoes, clothing, and
vehicles), feeding with garbage and
kitchen scrap; pregnant sow to fetuses","saliva, lacrimal secretions, urine, feces, and semen",N,"Domestic pigs, European wild boar, common warthogs and bushpigs",Narrow (Suidae family),RNA,SS,40-60,enveloped,FALSE,12240.5,Tonsils,,"surrounding lymphoid tissues, spleen, bone marrow, and visceral lymph nodes",receptor mediated endocytosis,"porcine complement regulatory protein CD 46, heparan sulfates,   glycoproteins E2, Erns",,life-long,continuously or intermittently,Up to 100%,,"vascular endothelium, mononuclear phagocytic cells, and other cells of the
immune system","lymphoid, respiratory, gastrointestinal, CNS, spleen, kidney ",acute: 2-7 d; chronic: up to 1 mo,https://www.ncbi.nlm.nih.gov/pmc/articles/PMC5408692/,Fenner's Veterinary Virology,0,0,0,1,0,0,0,0,0,0,0,0,0,0,0,0,0,0,0,0,0,0,0,0,0,0,0,0,0,0,0,0,0,0,1,0,0,0,0,0,0,0,0,0,0,0,0,0,0,10.1016/j.vetmic.2018.09.020,An DJ,2018,"The YC16CS (subgenotype 2.1d) strain of CSFV isolated from infected breeding pigs in
Yeoncheon province (near the demilitarized zone) in 2016 shows high
nt and aa sequence identity with the PC11WB strain (subgenotype 2.1d) isolated from Korean wild boar in 2011 (phylogenetic study, NOT all original data)",,,,,,,,,,,,,,,
Classical Swine Fever,Amarillovirales,Flaviviridae,Pestivirus,0,"Nepal, China, India",D-W,"domestic, wild and pygmy hogs",Wild hogs,Wild,"Direct/indirect contact, Vertical","excretions, secretions, and fomites (such as shoes, clothing, and
vehicles), feeding with garbage and
kitchen scrap; pregnant sow to fetuses","saliva, lacrimal secretions, urine, feces, and semen",N,"Domestic pigs, European wild boar, common warthogs and bushpigs",Narrow (Suidae family),RNA,SS,40-60,enveloped,FALSE,12240.5,Tonsils,,"surrounding lymphoid tissues, spleen, bone marrow, and visceral lymph nodes",receptor mediated endocytosis,"porcine complement regulatory protein CD 46, heparan sulfates,   glycoproteins E2, Erns",,life-long,continuously or intermittently,Up to 100%,,"vascular endothelium, mononuclear phagocytic cells, and other cells of the
immune system","lymphoid, respiratory, gastrointestinal, CNS, spleen, kidney ",acute: 2-7 d; chronic: up to 1 mo,https://www.ncbi.nlm.nih.gov/pmc/articles/PMC5408692/,Fenner's Veterinary Virology,0,0,1,0,0,0,0,0,1,1,0,0,0,1,0,0,0,0,0,0,0,0,0,0,0,0,0,0,0,0,0,0,0,0,0,0,0,0,0,0,0,0,0,0,0,0,0,0,0,10.1111/tbed.12298,Barman NN,2016,"the ‘spill over’ and
‘reverse spill over’ of CSFV infections among wild and
domestic population in endemic areas; CSF infection is endemic in wild hog in Assam, India and might act as a viral
reservoir that poses a constant threat to domestic pigs; backyard pig farming, highly mobile
pigs and their products through live animal markets are
main contributing factors in the endemic nature of CSF
in India.",,,"Assam, Northeast India (Kaziranga National Park, Manas National
Park, Jaldapara
National Park in Assam–Bengal border district of West
Bengal)","On three occasions CSF has been suspected in wild hog
found dead in the forest",,,5,,,,,,,,
Classical Swine Fever,Amarillovirales,Flaviviridae,Pestivirus,0," Eastern European countries (retrospective studies, should it be divided into different countries)","D-W, W-D","Domestic pigs, wild boars","Domestic pigs, wild boars",,"Direct/indirect contact, Vertical","excretions, secretions, and fomites (such as shoes, clothing, and
vehicles), feeding with garbage and
kitchen scrap; pregnant sow to fetuses","saliva, lacrimal secretions, urine, feces, and semen",N,"Domestic pigs, European wild boar, common warthogs and bushpigs",Narrow (Suidae family),RNA,SS,40-60,enveloped,FALSE,12240.5,Tonsils,,"surrounding lymphoid tissues, spleen, bone marrow, and visceral lymph nodes",receptor mediated endocytosis,"porcine complement regulatory protein CD 46, heparan sulfates,   glycoproteins E2, Erns",,life-long,continuously or intermittently,Up to 100%,,"vascular endothelium, mononuclear phagocytic cells, and other cells of the
immune system","lymphoid, respiratory, gastrointestinal, CNS, spleen, kidney ",acute: 2-7 d; chronic: up to 1 mo,https://www.ncbi.nlm.nih.gov/pmc/articles/PMC5408692/,Fenner's Veterinary Virology,0,0,0,0,0,0,0,0,1,1,0,0,1,1,0,0,0,0,0,0,0,0,0,0,0,0,0,0,0,0,0,0,0,0,0,0,0,0,0,0,0,1,0,0,0,0,0,0,0,10.1016/j.vetmic.2010.05.035,Blome S,2010,Review article? ——better look at this paper again; illegal swill feeding,,,,,,,,,,,,,,,
Classical Swine Fever,Amarillovirales,Flaviviridae,Pestivirus,0,China,D-W,Domestic pigs,Wild boars,Wild,"Direct/indirect contact, Vertical","excretions, secretions, and fomites (such as shoes, clothing, and
vehicles), feeding with garbage and
kitchen scrap; pregnant sow to fetuses","saliva, lacrimal secretions, urine, feces, and semen",N,"Domestic pigs, European wild boar, common warthogs and bushpigs",Narrow (Suidae family),RNA,SS,40-60,enveloped,FALSE,12240.5,Tonsils,,"surrounding lymphoid tissues, spleen, bone marrow, and visceral lymph nodes",receptor mediated endocytosis,"porcine complement regulatory protein CD 46, heparan sulfates,   glycoproteins E2, Erns",,life-long,continuously or intermittently,Up to 100%,,"vascular endothelium, mononuclear phagocytic cells, and other cells of the
immune system","lymphoid, respiratory, gastrointestinal, CNS, spleen, kidney ",acute: 2-7 d; chronic: up to 1 mo,https://www.ncbi.nlm.nih.gov/pmc/articles/PMC5408692/,Fenner's Veterinary Virology,0,0,0,1,0,0,0,0,1,1,0,0,0,0,1,0,0,0,0,0,0,0,0,0,0,0,0,0,0,0,0,0,0,0,0,0,0,0,0,0,0,0,0,0,0,0,0,0,0,10.1016/j.tvjl.2011.04.007,David D,2011,Reservoir epidemic&livestock- and domestic-wildlife interface: All CSFV-positive wild boars were from northern Israel and two were close to the infected farm,Domestic pigs,2009,"Fassuta, northern Israel",The outbreak occurred on a domestic pig farm in northern Israel in Feb 2009 and affected domestic pigs and wild boar,,,,,"17 (16, 1 from different source)",,,,,,
Classical Swine Fever,Amarillovirales,Flaviviridae,Pestivirus,0,Western and central European countries,W-D,Wild boars,Domestic pigs,Domestic,"Direct/indirect contact, Vertical","excretions, secretions, and fomites (such as shoes, clothing, and
vehicles), feeding with garbage and
kitchen scrap; pregnant sow to fetuses","saliva, lacrimal secretions, urine, feces, and semen",N,"Domestic pigs, European wild boar, common warthogs and bushpigs",Narrow (Suidae family),RNA,SS,40-60,enveloped,FALSE,12240.5,Tonsils,,"surrounding lymphoid tissues, spleen, bone marrow, and visceral lymph nodes",receptor mediated endocytosis,"porcine complement regulatory protein CD 46, heparan sulfates,   glycoproteins E2, Erns",,life-long,continuously or intermittently,Up to 100%,,"vascular endothelium, mononuclear phagocytic cells, and other cells of the
immune system","lymphoid, respiratory, gastrointestinal, CNS, spleen, kidney ",acute: 2-7 d; chronic: up to 1 mo,https://www.ncbi.nlm.nih.gov/pmc/articles/PMC5408692/,Fenner's Veterinary Virology,0,0,0,0,0,0,0,0,1,0,0,1,1,0,0,0,0,0,0,0,0,0,0,0,0,0,0,0,0,0,0,0,0,0,0,0,0,0,0,0,0,0,0,0,0,0,0,0,0,10.1016/s0378-1135(03)00200-1,Jemersić L,2003,"Isolate 5 from Istria, Croatian only; can’t find enough info for other isolates in domestic and wild pigs (4 -9); genotype 2.3 is probably endemic in wild boars in western and central European countries; Genotyping articlel; hunting: owner is a hunter &swill feeding",Wild boars,1 July 1999,"Istria, Croatian","Isolate 5, genotype 2.3, Istria, Croatian; genotype 2.3 is probably endemic in wild boars in western and central European countries",,,,,,,,,,,
Classical Swine Fever,Amarillovirales,Flaviviridae,Pestivirus,0,"Germany, Luxemburg",W-D,Wild boars,Domestic pigs,Domestic,"Direct/indirect contact, Vertical","excretions, secretions, and fomites (such as shoes, clothing, and
vehicles), feeding with garbage and
kitchen scrap; pregnant sow to fetuses","saliva, lacrimal secretions, urine, feces, and semen",N,"Domestic pigs, European wild boar, common warthogs and bushpigs",Narrow (Suidae family),RNA,SS,40-60,enveloped,FALSE,12240.5,Tonsils,,"surrounding lymphoid tissues, spleen, bone marrow, and visceral lymph nodes",receptor mediated endocytosis,"porcine complement regulatory protein CD 46, heparan sulfates,   glycoproteins E2, Erns",,life-long,continuously or intermittently,Up to 100%,,"vascular endothelium, mononuclear phagocytic cells, and other cells of the
immune system","lymphoid, respiratory, gastrointestinal, CNS, spleen, kidney ",acute: 2-7 d; chronic: up to 1 mo,https://www.ncbi.nlm.nih.gov/pmc/articles/PMC5408692/,Fenner's Veterinary Virology,0,0,0,1,0,0,0,0,0,0,0,0,0,0,0,0,0,0,0,0,0,0,0,0,0,0,0,0,0,0,0,0,0,0,0,0,0,0,0,0,0,0,0,0,0,0,0,0,0,10.1016/j.vetmic.2013.06.032,Simon G,2013,"both Moselle outbreaks were contiguous with the wild boar and domestic pig
outbreaks that occurred in Luxemburg and Germany at the same time;    introduced/invasive species & international movement of animal: the virus had been introduced in the farm following indirect contact with infected pigs from Luxemburg or Germany",Wild boars,April 2002,"Moselle, north-eastern area of France",1 Wild boar and 1 domestic pig,"fever, cough,
and diarrhoea and had cyanosed marks on their bodies. The
mortality rate attained 20 animals per day",,,,,,,,,,
Classical Swine Fever,Amarillovirales,Flaviviridae,Pestivirus,0,,W-D,Wild boars,Domestic pigs,"Domestic, free-ranging","Direct/indirect contact, Vertical","excretions, secretions, and fomites (such as shoes, clothing, and
vehicles), feeding with garbage and
kitchen scrap; pregnant sow to fetuses","saliva, lacrimal secretions, urine, feces, and semen",N,"Domestic pigs, European wild boar, common warthogs and bushpigs",Narrow (Suidae family),RNA,SS,40-60,enveloped,FALSE,12240.5,Tonsils,,"surrounding lymphoid tissues, spleen, bone marrow, and visceral lymph nodes",receptor mediated endocytosis,"porcine complement regulatory protein CD 46, heparan sulfates,   glycoproteins E2, Erns",,life-long,continuously or intermittently,Up to 100%,,"vascular endothelium, mononuclear phagocytic cells, and other cells of the
immune system","lymphoid, respiratory, gastrointestinal, CNS, spleen, kidney ",acute: 2-7 d; chronic: up to 1 mo,https://www.ncbi.nlm.nih.gov/pmc/articles/PMC5408692/,Fenner's Veterinary Virology,0,0,0,0,0,0,0,0,0,1,0,0,0,1,0,0,0,0,0,0,0,0,0,0,0,0,0,0,0,0,0,0,0,0,0,0,0,0,0,0,0,0,0,0,0,0,0,0,0,10.1016/s0378-1135(01)00424-2,Biagetti M,2001,"CSF endemic in wild boar, contact of free ranging pigs with wild boar is a frequent source of infection; genotype 2.3",Wild boars,1997,"Nuoro, Sardinia, Italy",,,,,,,,,,,,
Classical Swine Fever,Amarillovirales,Flaviviridae,Pestivirus,0,"Germany, Poland","D-W, D-D",Domestic pigs,"Wild boars, domestic pigs","Wild, domestic","Direct/indirect contact, Vertical","excretions, secretions, and fomites (such as shoes, clothing, and
vehicles), feeding with garbage and
kitchen scrap; pregnant sow to fetuses","saliva, lacrimal secretions, urine, feces, and semen",N,"Domestic pigs, European wild boar, common warthogs and bushpigs",Narrow (Suidae family),RNA,SS,40-60,enveloped,FALSE,12240.5,Tonsils,,"surrounding lymphoid tissues, spleen, bone marrow, and visceral lymph nodes",receptor mediated endocytosis,"porcine complement regulatory protein CD 46, heparan sulfates,   glycoproteins E2, Erns",,life-long,continuously or intermittently,Up to 100%,,"vascular endothelium, mononuclear phagocytic cells, and other cells of the
immune system","lymphoid, respiratory, gastrointestinal, CNS, spleen, kidney ",acute: 2-7 d; chronic: up to 1 mo,https://www.ncbi.nlm.nih.gov/pmc/articles/PMC5408692/,Fenner's Veterinary Virology,1,0,0,0,0,0,0,1,0,0,0,0,0,0,0,0,0,0,0,0,0,0,0,0,0,0,0,0,0,0,0,1,0,0,1,0,0,0,0,0,0,0,0,0,0,0,0,0,0,10.1016/s0378-1135(01)00424-2,Biagetti M,2001,Sporadic outbreak in mainland Italy in wild boar and domestic pigs; genotype 2.3—— not sure if it counts;   introduced/invasive species : import infected animal?,,"1991, 1992","Parma, Emilia Romagna, Italy; Latium, Italy",,,,,,,,,,,,
Classical Swine Fever,Amarillovirales,Flaviviridae,Pestivirus,0,Austria,"D-W, W-W","Domestic pigs, wild boars (captive)",Wild boars,Free-ranging,"Direct/indirect contact, Vertical","excretions, secretions, and fomites (such as shoes, clothing, and
vehicles), feeding with garbage and
kitchen scrap; pregnant sow to fetuses","saliva, lacrimal secretions, urine, feces, and semen",N,"Domestic pigs, European wild boar, common warthogs and bushpigs",Narrow (Suidae family),RNA,SS,40-60,enveloped,FALSE,12240.5,Tonsils,,"surrounding lymphoid tissues, spleen, bone marrow, and visceral lymph nodes",receptor mediated endocytosis,"porcine complement regulatory protein CD 46, heparan sulfates,   glycoproteins E2, Erns",,life-long,continuously or intermittently,Up to 100%,,"vascular endothelium, mononuclear phagocytic cells, and other cells of the
immune system","lymphoid, respiratory, gastrointestinal, CNS, spleen, kidney ",acute: 2-7 d; chronic: up to 1 mo,https://www.ncbi.nlm.nih.gov/pmc/articles/PMC5408692/,Fenner's Veterinary Virology,0,0,0,0,0,0,0,0,0,1,0,0,1,1,0,0,0,0,0,0,0,0,0,0,0,0,0,0,1,0,0,0,0,0,0,0,0,0,0,0,0,0,0,0,0,0,0,0,0,10.1016/s0378-1135(01)00424-2,Biagetti M,2001,"Piacenza Epidemic (1995); genotype 2.2; started with a mixed farm of domestic pigs and wild boars, then spread to free-ranging wild boars around —— one or two events?    Food contaminant & swill feeding: contaminated swill feeding??",,1995,"Piacenza, Emilia Romagna, Italy","started with a mixed farm of domestic pigs and wild boars, then spread to free-ranging wild boars around",,,,,,,,,,,
Classical Swine Fever,Amarillovirales,Flaviviridae,Pestivirus,0,,W-D,Wild boars,Domestic pigs,Domestic,"Direct/indirect contact, Vertical","excretions, secretions, and fomites (such as shoes, clothing, and
vehicles), feeding with garbage and
kitchen scrap; pregnant sow to fetuses","saliva, lacrimal secretions, urine, feces, and semen",N,"Domestic pigs, European wild boar, common warthogs and bushpigs",Narrow (Suidae family),RNA,SS,40-60,enveloped,FALSE,12240.5,Tonsils,,"surrounding lymphoid tissues, spleen, bone marrow, and visceral lymph nodes",receptor mediated endocytosis,"porcine complement regulatory protein CD 46, heparan sulfates,   glycoproteins E2, Erns",,life-long,continuously or intermittently,Up to 100%,,"vascular endothelium, mononuclear phagocytic cells, and other cells of the
immune system","lymphoid, respiratory, gastrointestinal, CNS, spleen, kidney ",acute: 2-7 d; chronic: up to 1 mo,https://www.ncbi.nlm.nih.gov/pmc/articles/PMC5408692/,Fenner's Veterinary Virology,1,0,0,0,0,0,0,0,0,0,0,0,0,0,0,0,0,0,0,0,0,0,0,0,0,0,0,0,0,0,0,0,0,0,0,0,0,0,0,0,0,0,0,0,0,0,0,0,0,10.1016/s0378-1135(01)00424-2,Biagetti M,2001,Tuscany: 10 years of Southern outbreak (1985/6-1990/11); Northern outbreak (1992/4-8) aka outbreak of Massa (1992); genotype 2.2,,1985-1990; 1992,"Tuscany, Italy",Both CSF domestic pigs and wild boar were detected,,,,,,,,,,,
Classical Swine Fever,Amarillovirales,Flaviviridae,Pestivirus,0,,D-W,Domestic pigs,Wild boars,Wild,"Direct/indirect contact, Vertical","excretions, secretions, and fomites (such as shoes, clothing, and
vehicles), feeding with garbage and
kitchen scrap; pregnant sow to fetuses","saliva, lacrimal secretions, urine, feces, and semen",N,"Domestic pigs, European wild boar, common warthogs and bushpigs",Narrow (Suidae family),RNA,SS,40-60,enveloped,FALSE,12240.5,Tonsils,,"surrounding lymphoid tissues, spleen, bone marrow, and visceral lymph nodes",receptor mediated endocytosis,"porcine complement regulatory protein CD 46, heparan sulfates,   glycoproteins E2, Erns",,life-long,continuously or intermittently,Up to 100%,,"vascular endothelium, mononuclear phagocytic cells, and other cells of the
immune system","lymphoid, respiratory, gastrointestinal, CNS, spleen, kidney ",acute: 2-7 d; chronic: up to 1 mo,https://www.ncbi.nlm.nih.gov/pmc/articles/PMC5408692/,Fenner's Veterinary Virology,0,0,0,0,0,0,0,0,0,0,0,0,1,1,0,0,0,0,0,0,0,0,0,0,0,0,0,0,1,0,0,0,0,0,0,0,0,0,0,0,0,0,0,0,0,0,0,0,0,10.1016/s0378-1135(01)00424-2,Biagetti M,2001,"Varese 97: outbreak was due to swill feeding, CSF in both domestic pigs and wild boars; endemic in wild boars; genotype 2.2;    Food contaminant & swill feeding: contaminated swill feeding??",Wild boars,1997,"Varese, Lombardy,  Italy ",CSF in domestic pigs and wild boars,,,,,,,,,,,
"Epizootic
hemorrhagic disease virus",Reovirales,Reoviridae,Orbivirus,0,"Australia, US (Reassortment)",,domestic and wild ruminants,White-tailed deer,"Free-ranging, Captive",Indirect (direct contact may play a small role),Culicoides vectors (fecal-oral),,Y,"Domestic (cattle, yaks, captive American bison, alpaca, and captive pygmy brocket deer) and wild ruminants (WTD, mule deer, pronghorn, elk, mountain goat, and bighorn sheep)",Narrow (ruminants),RNA,DS,85,non-enveloped,TRUE,19200,,,,"clathrin-dependent, receptor-mediated
endocytosis", Cell membrane glycoproteins,,,,,Days to weeks,,,,https://www.liebertpub.com/doi/full/10.1089/vbz.2014.1703?url_ver=Z39.88-2003&rfr_id=ori:rid:crossref.org&rfr_dat=cr_pub%20%200pubmed,Fenner's Veterinary Virology,1,0,0,0,0,0,0,0,0,0,0,0,0,0,0,0,0,0,0,0,0,0,0,0,0,0,0,0,0,0,0,0,0,0,0,0,0,0,0,0,0,0,0,0,0,0,0,0,0,10.1099/vir.0.015651-0,Allison AB,2010,Not sure if this one counts spillover (oops),,,," EHDV-6 (Indiana) was isolated from 12 individual
white-tailed deer on eight occasions during 2006–2008",,,,,,,,,,,
"Epizootic
hemorrhagic disease virus",Reovirales,Reoviridae,Orbivirus,0,US,"D-W, W-W? (is wild specieas in captive still considered as wildlife?)","cattle, bison, elk, goats",White-tailed deer,Captive,Indirect (direct contact may play a small role),Culicoides vectors (fecal-oral),,Y,"Domestic (cattle, yaks, captive American bison, alpaca, and captive pygmy brocket deer) and wild ruminants (WTD, mule deer, pronghorn, elk, mountain goat, and bighorn sheep)",Narrow (ruminants),RNA,DS,85,non-enveloped,TRUE,19200,,,,"clathrin-dependent, receptor-mediated
endocytosis", Cell membrane glycoproteins,,,,,Days to weeks,,,,https://www.liebertpub.com/doi/full/10.1089/vbz.2014.1703?url_ver=Z39.88-2003&rfr_id=ori:rid:crossref.org&rfr_dat=cr_pub%20%200pubmed,Fenner's Veterinary Virology,0,0,1,0,0,0,0,0,0,1,0,0,0,0,0,0,0,0,0,0,0,0,0,0,0,0,0,0,0,0,0,0,0,0,0,0,0,0,1,0,0,0,0,1,0,0,0,0,0,10.1638/2009-0216.1,Nol P,2010,"Species held in this facility at the
time of the 2007 outbreak included white-tailed deer, elk, bison, cattle, and goats;   Maybe co-infection? No Clostridium spp. isolated from fecal sample, but obtained
a weak positive for Clostridium perfringens toxin; happened in research facility - public health infrastructure",,2007,"Colorado, USA",ungulate research facility,,,,,,,,,,,
"Epizootic
hemorrhagic disease virus",Reovirales,Reoviridae,Orbivirus,0,US,W-D,White-tailed deer,Cattle,Domestic,Indirect (direct contact may play a small role),Culicoides vectors (fecal-oral),,Y,"Domestic (cattle, yaks, captive American bison, alpaca, and captive pygmy brocket deer) and wild ruminants (WTD, mule deer, pronghorn, elk, mountain goat, and bighorn sheep)",Narrow (ruminants),RNA,DS,85,non-enveloped,TRUE,19200,,,,"clathrin-dependent, receptor-mediated
endocytosis", Cell membrane glycoproteins,,,,,Days to weeks,,,,https://www.liebertpub.com/doi/full/10.1089/vbz.2014.1703?url_ver=Z39.88-2003&rfr_id=ori:rid:crossref.org&rfr_dat=cr_pub%20%200pubmed,Fenner's Veterinary Virology,0,1,0,1,1,1,0,0,0,1,0,0,0,0,0,0,0,0,0,0,0,0,0,0,0,0,0,1,0,0,0,0,0,0,0,0,0,0,0,0,0,0,1,0,0,0,0,0,1,10.1099/jgv.0.001221,Schirtzinger EE,2019,cattle becoming clinically ill;    host& vector distribution: gathered at water source? Climate change vs weather conditions,,,,,,,,,,,,,,,
Bluetongue virus,Reovirales,Reoviridae,Orbivirus,0,"USA, central America,  Trinidad and Tobago and Martinique",?,"? Domestic ruminants, wild ruminants","Brazilian dwarf
brocket deer (Mazama nana)","wild, captive",Indirect contact,"Vector biting, ingestion of virus-contaminated colostrum",,Y,"sheep, cattle, goats, camelids, wild ruminants (deer, white-tailed deer, pronghorn antelope),  carnivores (Eurasian lynx, lion, leopard, dogs)","Narrow (sheep, other ruminants, carnivores)",RNA,DS,85,non-enveloped,TRUE,19200,Local lymph node,,"macrophages, dendritic cells, and vascular endothelium in lungs, lymph nodes,
and spleen; blood cells","clathrin-dependent, receptor-mediated
endocytosis", Cell membrane glycoproteins,,Less than 60 d,,highly variable,,"macrophages, dendritic cells, and vascular endothelium; platelets and red blood cells","GI mucosa, lung, spleen, lymph nodes, heart, skeletal muscles",,,Fenner's Veterinary Virology,1,0,0,0,0,0,0,0,0,1,0,0,0,1,0,0,0,0,0,0,0,0,0,0,0,0,0,0,0,0,0,0,0,0,0,0,0,0,0,0,0,0,0,0,0,0,0,0,0,10.1016/j.vetmic.2018.10.018,Baldini MHM,2018,"The virus is widespread in Brazil with a seroprevalence higher than
50% in several regions in domestic species. The co-circulation of various BTV strains within the same animal population enhances the possibility of viral reassortment and occurrence of novel serotypes with unknown phenotypic and pathogenic characteristics.",,2015-2016,"Bela Vista Biological Sanctuary, Brazil","five BTV serotypes (3, 14, 18, 19, and 22) were identified. These BTV serotypes had not been previously
described or isolated in Brazil, either in wild or domestic ruminants",,,,,,,,,,,
Bluetongue virus,Reovirales,Reoviridae,Orbivirus,0,BTV-8,D-W,Domestic ruminants,"Roe deer, red deer",Wild,Indirect contact,"Vector biting, ingestion of virus-contaminated colostrum",,Y,"sheep, cattle, goats, camelids, wild ruminants (deer, white-tailed deer, pronghorn antelope),  carnivores (Eurasian lynx, lion, leopard, dogs)","Narrow (sheep, other ruminants, carnivores)",RNA,DS,85,non-enveloped,TRUE,19200,Local lymph node,,"macrophages, dendritic cells, and vascular endothelium in lungs, lymph nodes,
and spleen; blood cells","clathrin-dependent, receptor-mediated
endocytosis", Cell membrane glycoproteins,,Less than 60 d,,highly variable,,"macrophages, dendritic cells, and vascular endothelium; platelets and red blood cells","GI mucosa, lung, spleen, lymph nodes, heart, skeletal muscles",,,Fenner's Veterinary Virology,1,0,0,1,0,0,0,0,0,0,0,0,0,0,0,0,0,0,0,0,0,0,0,0,0,0,0,0,0,0,0,0,0,0,0,0,0,0,0,0,0,0,0,0,0,0,0,0,0,10.1186/1746-6148-9-166,Casaubon J,2013,"wild ruminants are apparently not a reservoir for these viruses in Switzerland; although live in the same habitat, red deer are more susceptible to infection than roe deer (or due to BTV-8 vector preference)",," 2009, 2011",Switzerland,,,,,,,,,,,,
Bluetongue virus,Reovirales,Reoviridae,Orbivirus,0,BTV-8,D-W,Domestic ruminants,Alpine chamois,Wild,Indirect contact,"Vector biting, ingestion of virus-contaminated colostrum",,Y,"sheep, cattle, goats, camelids, wild ruminants (deer, white-tailed deer, pronghorn antelope),  carnivores (Eurasian lynx, lion, leopard, dogs)","Narrow (sheep, other ruminants, carnivores)",RNA,DS,85,non-enveloped,TRUE,19200,Local lymph node,,"macrophages, dendritic cells, and vascular endothelium in lungs, lymph nodes,
and spleen; blood cells","clathrin-dependent, receptor-mediated
endocytosis", Cell membrane glycoproteins,,Less than 60 d,,highly variable,,"macrophages, dendritic cells, and vascular endothelium; platelets and red blood cells","GI mucosa, lung, spleen, lymph nodes, heart, skeletal muscles",,,Fenner's Veterinary Virology,1,0,0,0,1,0,0,0,0,0,0,0,0,0,0,0,0,0,0,0,0,0,0,0,0,0,0,0,0,0,0,0,0,0,0,0,0,0,0,0,0,0,0,0,0,0,0,0,0,10.1186/1746-6148-9-166,Casaubon J,2013,"this animal was found at high altitude and far from a domestic outbreak,
which suggests that the virus could spread into/through the Alps; ?        Change in vector distribution: Different species
of Culicoides midges have been detected up to 2,100 m a.s.l. in the Swiss Alps)",," 2009, 2011",Switzerland,"we found a chamois positive by real-time RTPCR, originating from an Alpine valley (Engadin, canton
of Graubünden), which was sampled above 2,000 m a.s.l. This is the first report of BTV-8 RNA in an Alpine caprid",,,,,,,,,,,
African horse sickness virus,"Reovirales
",Reoviridae,Orbivirus,1,,D-W,Horse,Zebra and elephants,Wild,Indirect contact,Vector biting,,Y,"Horses, donkeys, mules, zebras",Narrow,RNA,DS,85,non-enveloped,TRUE,19200,Local lymph node,,Other tissues and organs,,,,,,"variable, up to 95%",,,"lungs, trachea, bronchi, and bronchioles, lymphoid, heart",3–5 d (pulmonary form),,Fenner's Veterinary Virology,1,0,0,0,0,0,0,0,0,0,0,0,0,0,0,0,0,0,0,0,0,0,0,0,0,0,0,0,0,0,0,0,0,0,0,0,0,0,0,0,0,0,0,0,0,0,0,0,0,10.1016/0378-1135(92)90137-i,Binepal VS,1992,,,,Kenya,"Antibody was found amongst the horse, zebra and elephant sera to all nine different strains. ",,,,,,,,,,,
 Rotavirus A,Reoviridae,Reoviridae,Rotavirus,1,"wild boar RVA strain together with human RVA
strains isolated in Hungary and Belgium ",D-W,Domestic pigs,Wild boars,Wild,Indirect contact,"Fecal–oral route, contaminated  rearing pens or water",Feces,N,"humans, cattle, swine, horses, gallinaceous
poultry, laboratory mice",Broad (neonates),RNA,DS,85,non-enveloped,TRUE,18562,,,,"receptor-dependent endocytosis, or direct penetration","Various integrins,  sialic acid residues",,,,,,,,1–24hours,,Fenner's Veterinary Virology,0,0,1,0,0,0,0,0,1,1,1,1,1,1,0,1,0,0,1,0,0,0,0,0,0,0,0,0,0,1,0,0,0,0,0,1,0,0,0,0,0,0,0,1,0,0,0,1,0,10.1016/j.vetmic.2016.08.003,Moutelíková R,2016,"RVA strains isolated from wild boars were genetically described and close relationship with human and
domestic pig RVA strains was found so the transmission of RVA between wild boars and humans or between domestic pigs and humans and subsequently between domestic pigs and wild boars is highly probable;     natural disaster: confluence is regularly flooded which forces increased
migration of wildlife animals??",,October 2014 - January 2015,"South Moravia, Czech Republic",,,,,,,,,,,,
Mammalian orthoreovirus 3 ,Reovirales,Reoviridae,Orthoreovirus,0,Italy,"W-W, D-W?","Dog, bat, pig, human",Alpine chamois,Wild,Indirect contact,Fecal–oral route,Feces,N,Mammals,Broad,RNA,DS,85,non-enveloped,TRUE,23540,,,,receptor-mediated endocytosis,"Junctional adhesion molecule A, sialylated glycoproteins",,,,,,,,,,Fenner's Veterinary Virology,1,0,0,0,0,0,0,0,1,1,0,1,0,0,1,0,0,0,0,0,0,0,0,0,0,0,0,0,0,1,0,0,0,0,0,0,0,0,0,0,0,0,0,0,0,0,0,0,0,10.1016/j.vetmic.2019.01.012,Besozzi M,2019,,,2008-2012,"Verbano Cusio-Ossola, north-western Italian Alps",,,,,,,,,,,,
Rabies virus,Mononegavirales,Rhabdoviridae,Lyssavirus,1,,W-D,fox,"domestic dog; livestock (cattle, donkeys)",Domestic,Direct contact,Bite wound,Saliva,N,Carnivora and Microchiroptera,Broad (mammals),RNA,SS,75,enveloped,FALSE,11932,Striated or connective tissue at the inoculation site,Endoneurium of Schwann cells,transynaptic spread,Clathrin-mediated endocytosis,"nAchR
 NCAM
p75NTR
mGluR2",CNS,-,Intermittent,~100%,n,Neurons,CNS,20-60d,,,0,0,0,0,0,0,0,0,0,1,0,0,0,1,0,0,0,0,0,0,0,0,0,0,0,0,0,0,0,0,0,0,0,0,0,0,0,0,0,0,0,1,0,0,0,0,0,0,0,10.4314/ejhs.v28i6.16,Balako G,2018," rabid wild fox entered the pastoralist
village and bit a domestic dog. The victim dog had turned rabid
after four months and bit livestock, and rabies outbreak occurred
in the family livestock —— does this one count?       (introduced/invasive species: fox)",,Sept 2015 -2016,"Oromia, Ethiopia","In September 2015, rabid wild fox entered the pastoralist
village and bit a domestic dog. The victim dog had turned rabid
after four months and bit livestock, and rabies outbreak occurred
in the family livestock. Consequently, one bull, one lactating cow,
one calf, two donkeys and one heifer died of outbreak; After five months, one
heifer and a donkey from a neighbor became rabid
and died after a week of clinical signs. ","in cattle: excessive salivation, behavioral
change, yawning, abnormal bellowing, pica in one
case (biting wooden material), a lactating cow
refused calf to suckle. In donkey: aggressiveness,
kicking, attempt to bite other animals, biting its
own body (one case) to the level of inflicting
itself.",,,,,,,,,,
Rabies virus,Mononegavirales,Rhabdoviridae,Lyssavirus,1,"Izmir, Turkey",W-D,"Foxes, dogs",Cattle,Domestic,Direct contact,Bite wound,Saliva,N,Carnivora and Microchiroptera,Broad (mammals),RNA,SS,75,enveloped,FALSE,11932,Striated or connective tissue at the inoculation site,Endoneurium of Schwann cells,transynaptic spread,Clathrin-mediated endocytosis,"nAchR
 NCAM
p75NTR
mGluR2",CNS,-,Intermittent,~100%,n,Neurons,CNS,20-60d,,,1,0,1,0,0,0,0,0,0,1,0,0,0,1,0,0,0,0,0,0,0,0,0,0,0,0,0,0,0,0,0,0,0,0,0,0,0,0,0,0,0,1,0,0,0,0,0,0,0,10.1017/S0950268805005017,Johnson N,2006,"One possible explanation
could be the spillover from dogs into the fox during the late 1990s - host switch (control measures aimed at reducing and/or eliminating rabies may have an unexpected consequence in that it appears to increase the chance of host-switching events)",,1999-2003,"Aegean, Turkey",,,,,,,,,,,,
Rabies virus,Mononegavirales,Rhabdoviridae,Lyssavirus,1,Dog-hosted China I,W-D,Stray dogs,"Dairy cattle, camel",Domestic,Direct contact,Bite wound,Saliva,N,Carnivora and Microchiroptera,Broad (mammals),RNA,SS,75,enveloped,FALSE,11932,Striated or connective tissue at the inoculation site,Endoneurium of Schwann cells,transynaptic spread,Clathrin-mediated endocytosis,"nAchR
 NCAM
p75NTR
mGluR2",CNS,-,Intermittent,~100%,n,Neurons,CNS,20-60d,,,0,0,1,0,0,0,0,0,0,1,0,0,0,1,0,0,0,0,0,1,0,0,0,0,0,1,0,0,0,0,0,0,0,0,0,0,1,0,0,0,0,1,0,0,0,0,0,0,0,10.1371/journal.pntd.0004890,Liu Y,2016,"following the implementation of the National Great Western Development and Strategy and projects relating to the conversion of degraded farmland into forests and grasslands, the recovery of the natural, social and economic environments have resulted in a significant increase in animal and human populations.",,2015,"Ningxia and Inner Mongolia, China",,,,,,,,,,,,
Rabies virus,Mononegavirales,Rhabdoviridae,Lyssavirus,1,"fox-associated China III lineages, Mongolia",W-D,Foxes,"Beef cattle, camel",Domestic,Direct contact,Bite wound,Saliva,N,Carnivora and Microchiroptera,Broad (mammals),RNA,SS,75,enveloped,FALSE,11932,Striated or connective tissue at the inoculation site,Endoneurium of Schwann cells,transynaptic spread,Clathrin-mediated endocytosis,"nAchR
 NCAM
p75NTR
mGluR2",CNS,-,Intermittent,~100%,n,Neurons,CNS,20-60d,,,0,0,1,1,0,0,0,0,0,1,0,0,0,1,0,0,0,0,0,1,0,0,0,0,0,1,0,0,0,0,0,0,0,0,1,0,1,0,0,0,0,1,0,0,0,0,0,0,0,10.1371/journal.pntd.0004890,Liu Y,2016,"following the implementation of the National Great Western Development and Strategy and projects relating to the conversion of degraded farmland into forests and grasslands, the recovery of the natural, social and economic environments have resulted in a significant increase in animal and human populations.",,2013–2014,"Xinjiang and Inner Mongolia, China",,,,,,,,,,,,
Rabies virus,Mononegavirales,Rhabdoviridae,Lyssavirus,1,the Arctic strains,W-D,Raccoon dogs (Nyctereutes procyonoides koreensis),"Cattle, dogs",Domestic,Direct contact,Bite wound,Saliva,N,Carnivora and Microchiroptera,Broad (mammals),RNA,SS,75,enveloped,FALSE,11932,Striated or connective tissue at the inoculation site,Endoneurium of Schwann cells,transynaptic spread,Clathrin-mediated endocytosis,"nAchR
 NCAM
p75NTR
mGluR2",CNS,-,Intermittent,~100%,n,Neurons,CNS,20-60d,,,0,0,1,0,0,0,0,0,0,0,0,0,0,0,0,0,0,0,0,0,0,0,0,0,0,0,0,0,0,0,0,0,0,0,1,0,0,0,0,0,0,0,0,0,0,0,0,0,0,10.1016/j.virusres.2005.06.004,Hyun BH,2005,,Raccoon dogs, 1998 - 2004,Korean,,,,,,,,,,,,
Rabies virus,Mononegavirales,Rhabdoviridae,Lyssavirus,1,"AgV3 and AgV11, related to the vampire bat ",W-D,"? (Desmodus rotundus, vampire bats)","cattle, horse",Domestic,Direct contact,Bite wound,Saliva,N,Carnivora and Microchiroptera,Broad (mammals),RNA,SS,75,enveloped,FALSE,11932,Striated or connective tissue at the inoculation site,Endoneurium of Schwann cells,transynaptic spread,Clathrin-mediated endocytosis,"nAchR
 NCAM
p75NTR
mGluR2",CNS,-,Intermittent,~100%,n,Neurons,CNS,20-60d,,,1,0,0,0,0,0,0,0,1,1,0,0,0,0,0,0,0,0,0,0,0,0,0,0,0,0,0,0,0,0,0,0,0,0,0,0,0,0,0,0,0,0,0,0,0,0,0,0,0,10.4269/ajtmh.1999.61.587,De Mattos CC,1999,"sylvatic rabies cycles: It is not known how changes in vampire bat populations precipitate new outbreaks, how one outbreak is related to others in a region, or how a new variant appears in an area.", D. rotundus, 1990 -1995 ,Mexico,,,,,,,,,,,,
Rabies virus,Mononegavirales,Rhabdoviridae,Lyssavirus,1,Europe,W-D,"Fox, raccoon dogs, Marten, Wolf,
polecat, badger, Elk, roe deer","cattle, sheep, goats, horse, pigs",Domestic,Direct contact,Bite wound,Saliva,N,Carnivora and Microchiroptera,Broad (mammals),RNA,SS,75,enveloped,FALSE,11932,Striated or connective tissue at the inoculation site,Endoneurium of Schwann cells,transynaptic spread,Clathrin-mediated endocytosis,"nAchR
 NCAM
p75NTR
mGluR2",CNS,-,Intermittent,~100%,n,Neurons,CNS,20-60d,,,0,1,1,1,0,0,0,0,0,1,0,0,0,0,0,0,0,0,0,0,0,0,0,0,0,0,0,0,0,0,0,0,0,0,1,0,0,0,0,0,0,0,0,0,0,0,0,0,0,10.1016/s0378-1135(02)00346-2,Zienius D,2003,"More rabies cases were reported in the North and North-Western regions
of the country. This could be explained by the fact that this territory is densely covered with forests and rich biotypes favourable to natural wildlife vectors.","Red foxes, raccoon dogs",1990–2000,Lithuania,,,,,,,,,,,,
Rabies virus,Mononegavirales,Rhabdoviridae,Lyssavirus,1,,W-D,"? (Desmodus rotundus, vampire bats)",cattle,Domestic,Direct contact,Bite wound,Saliva,N,Carnivora and Microchiroptera,Broad (mammals),RNA,SS,75,enveloped,FALSE,11932,Striated or connective tissue at the inoculation site,Endoneurium of Schwann cells,transynaptic spread,Clathrin-mediated endocytosis,"nAchR
 NCAM
p75NTR
mGluR2",CNS,-,Intermittent,~100%,n,Neurons,CNS,20-60d,,,1,0,0,0,0,0,0,0,0,0,0,0,0,0,0,0,0,0,0,0,0,0,0,0,0,0,0,0,0,0,0,0,0,0,0,0,0,0,0,0,0,0,0,0,0,0,0,0,0,10.1016/s0188-0128(98)00019-0,Loza-Rubio E,1999,the aerial cycle: the vampire bat Desmodus rotundus is representative in Mexico; This bat is the major sylvatic rabies vector transmitting rabies to cattle; overlaps with terrestrial cycle ,Vampire bats,,Mexico,,,,,,,,,,,,
Rabies virus,Mononegavirales,Rhabdoviridae,Lyssavirus,1,,W-D,"raccoon, skunk, fox","cow, horse",Domestic,Direct contact,Bite wound,Saliva,N,Carnivora and Microchiroptera,Broad (mammals),RNA,SS,75,enveloped,FALSE,11932,Striated or connective tissue at the inoculation site,Endoneurium of Schwann cells,transynaptic spread,Clathrin-mediated endocytosis,"nAchR
 NCAM
p75NTR
mGluR2",CNS,-,Intermittent,~100%,n,Neurons,CNS,20-60d,,,1,0,0,0,0,0,0,0,0,0,0,0,0,0,0,0,0,0,0,0,0,0,0,0,0,0,0,0,0,0,0,0,0,0,0,0,0,0,0,0,0,0,0,0,0,0,0,0,0,PMCID: PMC268974,Smith JS,1986,,,1982-1985,"Virginia, Maryland, New Mexico, Texas, US",,,,,,,,,,,,
Rabies virus,Mononegavirales,Rhabdoviridae,Lyssavirus,1,,W-D,? (Brazilian free-tailed bat),Cow,Domestic,Direct contact,Bite wound,Saliva,N,Carnivora and Microchiroptera,Broad (mammals),RNA,SS,75,enveloped,FALSE,11932,Striated or connective tissue at the inoculation site,Endoneurium of Schwann cells,transynaptic spread,Clathrin-mediated endocytosis,"nAchR
 NCAM
p75NTR
mGluR2",CNS,-,Intermittent,~100%,n,Neurons,CNS,20-60d,,,1,0,0,0,0,0,0,0,0,0,0,0,0,0,0,0,0,0,0,0,0,0,0,0,0,0,0,0,0,0,0,0,0,0,0,0,0,0,0,0,0,0,0,0,0,0,0,0,0,10.7589/0090-3558-36.2.231,de Mattos CA,2000,Brazilian free-tailed bat: the reservoir; the abundance and close contact with humans and domestic animals; wide distribution; seasonal migration,Brazilian free-tailed bat,"1977, 1987",Chile,,,,,,,,,,,,
Bovine viral diarrhea virus 1,Amarillovirales,Flaviviridae,Pestivirus,0,,D-W,Cattle,Mule deer,Wild,"Indirect contact (rarely direct), vertical","respiratory route, contaminated feed and fomites (urine, oral and nasal
secretions, feces, or amniotic fluid); transplacental","saliva and droplets, urine, feces, or amniotic fluid",N,"Domestic ruminants (cattle, sheep, and goats), wild ruminants (New World camelids, deer, bison, and other domestic and
wild ungulates), swine
","Narrow (ruminants, swine)",RNA,SS,40-60,enveloped,FALSE,12573,"Nasal mucosa, tonsils",,"regional lymph nodes, lymphoid tissues and the intestine",recptor-mediated endocytosis,,,life-long,persistently ,,,"monocytes/macrophages, dendritic cells, and lymphocytes","gastrointestinal tract, lymphoid tissues, pulmonary, fetal CNS, blood vessel walls, integument, placenta",5–7d,https://www.ncbi.nlm.nih.gov/pmc/articles/PMC7135131/pdf/main.pdf,Fenner's Veterinary Virology,1,0,0,0,0,0,0,0,0,0,0,0,0,0,0,0,0,0,0,0,0,0,0,0,0,0,0,0,0,0,0,0,0,0,0,0,0,0,0,0,0,0,0,0,0,0,0,0,0,10.1177/104063870802000521,Duncan C,2008,the identification of a naturally infected adult PI animal in the wild,, 2005-2006,"Colorado, US",A single adult male mule deer tested positive; it was shot in DAU D-2,,,,"the apparent
prevalence for that DAU was 0.52% (95% CI: 021.06%); . apparent
prevalence among all Colorado deer was 0.03%; the 95%
CI on the overall prevalence for PI deer was 020.10%",1,,,,,,
Bovine viral diarrhea virus,Amarillovirales,Flaviviridae,Pestivirus,0,,D-W?,Cattle,"White-tailed deer (Odocoileus
virginianus) ",Wild,"Indirect contact (rarely direct), vertical","respiratory route, contaminated feed and fomites (urine, oral and nasal
secretions, feces, or amniotic fluid); transplacental","saliva and droplets, urine, feces, or amniotic fluid",N,"Domestic ruminants (cattle, sheep, and goats), wild ruminants (New World camelids, deer, bison, and other domestic and
wild ungulates), swine
","Narrow (ruminants, swine)",RNA,SS,40-60,enveloped,FALSE,12573/12255,"Nasal mucosa, tonsils",,"regional lymph nodes, lymphoid tissues and the intestine",recptor-mediated endocytosis,,,life-long,persistently ,,,"monocytes/macrophages, dendritic cells, and lymphocytes","gastrointestinal tract, lymphoid tissues, pulmonary, fetal CNS, blood vessel walls, integument, placenta",5–7d,https://www.ncbi.nlm.nih.gov/pmc/articles/PMC7135131/pdf/main.pdf,Fenner's Veterinary Virology,1,0,0,0,0,0,0,0,1,1,0,1,0,0,0,0,0,0,0,0,0,0,0,0,0,0,0,0,0,0,0,0,0,0,0,0,0,0,0,0,0,0,0,0,0,0,0,0,0,10.1177/104063870802000116,Passler T,2008,"the identification of a naturally infected PI WTD; therefore, the IHC-positive deer may
represent a locally contained infection that has not spread to other populations of white-tailed deer within the region.",,2005-2006,"Alabama, US",,,,,,,,,,,,
Bovine viral diarrhea virus 1,Amarillovirales,Flaviviridae,Pestivirus,0,Seberian Cattle,D-W,Cattle,Wild boars,Wild,"Indirect contact (rarely direct), vertical","respiratory route, contaminated feed and fomites (urine, oral and nasal
secretions, feces, or amniotic fluid); transplacental","saliva and droplets, urine, feces, or amniotic fluid",N,"Domestic ruminants (cattle, sheep, and goats), wild ruminants (New World camelids, deer, bison, and other domestic and
wild ungulates), swine
","Narrow (ruminants, swine)",RNA,SS,40-60,enveloped,FALSE,12573,"Nasal mucosa, tonsils",,"regional lymph nodes, lymphoid tissues and the intestine",recptor-mediated endocytosis,,,life-long,persistently ,,,"monocytes/macrophages, dendritic cells, and lymphocytes","gastrointestinal tract, lymphoid tissues, pulmonary, fetal CNS, blood vessel walls, integument, placenta",5–7d,https://www.ncbi.nlm.nih.gov/pmc/articles/PMC7135131/pdf/main.pdf,Fenner's Veterinary Virology,0,0,0,0,0,0,0,0,1,0,0,1,0,1,0,0,0,0,0,0,0,0,0,0,0,0,0,0,0,0,0,0,0,0,0,0,0,0,0,0,0,0,0,0,0,0,0,0,0,10.1016/j.rvsc.2018.05.018,Milićević V,2018,,,2016-2017,Eastern Serbia ,,,,,,,,,,,,
Bovine viral diarrhea virus 1,Amarillovirales,Flaviviridae,Pestivirus,0,,D-W,Cattle,Red deer,Wild,"Indirect contact (rarely direct), vertical","respiratory route, contaminated feed and fomites (urine, oral and nasal
secretions, feces, or amniotic fluid); transplacental","saliva and droplets, urine, feces, or amniotic fluid",N,"Domestic ruminants (cattle, sheep, and goats), wild ruminants (New World camelids, deer, bison, and other domestic and
wild ungulates), swine
","Narrow (ruminants, swine)",RNA,SS,40-60,enveloped,FALSE,12573,"Nasal mucosa, tonsils",,"regional lymph nodes, lymphoid tissues and the intestine",recptor-mediated endocytosis,,,life-long,persistently ,,,"monocytes/macrophages, dendritic cells, and lymphocytes","gastrointestinal tract, lymphoid tissues, pulmonary, fetal CNS, blood vessel walls, integument, placenta",5–7d,https://www.ncbi.nlm.nih.gov/pmc/articles/PMC7135131/pdf/main.pdf,Fenner's Veterinary Virology,1,0,0,0,0,0,0,0,0,0,0,0,0,0,0,0,0,0,0,0,0,0,0,0,0,0,0,0,0,0,0,0,0,0,0,0,0,0,0,0,0,0,0,0,0,0,0,0,0,10.7589/0090-3558-36.3.584,Nielsen SS,2000,,,"1995-1996, 1997-1998","Jutland, Denmark",,,,,,,,,,,,
Bovine viral diarrhea virus 1 ,Amarillovirales,Flaviviridae,Pestivirus,0,BVDV-1c,?,"cattle, sheep, goats, swine, wild deer?",Deer,Wild,"Indirect contact (rarely direct), vertical","respiratory route, contaminated feed and fomites (urine, oral and nasal
secretions, feces, or amniotic fluid); transplacental","saliva and droplets, urine, feces, or amniotic fluid",N,"Domestic ruminants (cattle, sheep, and goats), wild ruminants (New World camelids, deer, bison, and other domestic and
wild ungulates), swine
","Narrow (ruminants, swine)",RNA,SS,40-60,enveloped,FALSE,12573,"Nasal mucosa, tonsils",,"regional lymph nodes, lymphoid tissues and the intestine",recptor-mediated endocytosis,,,life-long,persistently ,,,"monocytes/macrophages, dendritic cells, and lymphocytes","gastrointestinal tract, lymphoid tissues, pulmonary, fetal CNS, blood vessel walls, integument, placenta",5–7d,https://www.ncbi.nlm.nih.gov/pmc/articles/PMC7135131/pdf/main.pdf,Fenner's Veterinary Virology,1,0,0,0,0,0,0,0,0,0,0,0,0,0,0,0,0,0,0,0,0,0,0,0,0,0,0,0,0,0,0,0,0,0,0,0,0,0,0,0,0,0,0,0,0,0,0,0,0,10.1111/j.1348-0421.2000.tb02583.x,Harasawa R,2000,"identified the genovar of a deer isolate, SH9/11, as BVDV-1c by PNS method",,,,,,,,,,,,,,,
Border disease virus,Amarillovirales,Flaviviridae,Pestivirus,0,"France, Italy, and Switzerland?",D-W,domestic small ruminants,Alpine chamois (Rupicapra rupicapra rupicapra),Wild,"direct/indirect contact, vertical", oro-nasal route; transplacental,"all body secretions and excretions, including
semen",N,"domesticated and wild cloven-hoofed artiodactyls (sheep and goats, pigs, cattle, reindeer, European bison and chamois)",Narrow (cloven-hoofed animals),RNA,SS,50-60,enveloped,FALSE,12333,,,,,,,life-long,persistently ,50%,Short (4-11 d) (acute) or persistent (PI),,"GI, respiratory, skin, ocular, fetus, CNS,  thyroid gland, bone, foot diseases",,https://www.oie.int/fileadmin/Home/eng/Health_standards/tahm/2.07.01_BORDER_DIS.pdf,Fenner's Veterinary Virology,0,0,0,0,0,0,0,0,0,1,0,0,0,1,0,0,0,0,0,0,0,0,0,0,0,0,0,0,0,0,0,0,0,0,0,0,0,0,0,0,0,0,0,1,0,0,0,0,0,10.4314/ovj.v9i1.14,Giangaspero M,2019,"may enter in contact with domestic small ruminants through the use of pastures located at a higher altitude during seasonal transhumance or by occasional contact in the surrounding of backyard farms in Alpine valleys (cattle, sheep, goats farms, and wild ruminant ungulates
(ibex, chamois, and roe deer))",,"July, 2015","Aosta Valley, Italy",,,,,,,,,,,,
Giraffe Pestivirus,Amarillovirales,Flaviviridae,Pestivirus,0,,?,?,Girraffe,Captive,,,,N,,,RNA,SS,40-60,enveloped,FALSE,NA,,,,,,,,,,,,,,,,1,0,0,0,0,0,0,0,0,0,0,0,0,0,0,0,0,0,0,0,0,0,0,0,0,0,0,0,0,0,0,0,0,0,0,0,0,0,0,0,0,0,0,0,0,0,0,0,0,10.1111/j.1348-0421.2000.tb02583.x,Harasawa R,2000,the 'Giraffe' strain was allocated to a new taxon,,1967,"Nanyuki, Kenya",,,,,,,,,,,,
Foot-and-mouth disease virus,Picornavirales,Picornaviridae,Aphthovirus,1,Vietnam,D-W,"Domestic livestock (pigs, cattle)","Asiatic black bears
(Ursus thibetanus), Malayan sun bear (Helarctos malayanus) ",Captive,"Direct/Indirect contact, airbone","inhalation of droplets, ingestion of infected food, inoculation with contaminated vaccines, insemination with contaminated semen, and contact with contaminated clothing,
veterinary instruments","saliva, droplets, aerosols, vesicular fluids, milk, semen, urine, and feces",N,"cloven-hoofed domestic and wild animal species (Cattle, sheep, swine, goats, water buffalo, llamas, camels)",Narrow (cloven-hoofed animals),RNA,SS,25,non-enveloped,FALSE,8159,pharynx,,oral and pedal epithelial areas; monocyte/macrophage,recptor-mediated endocytosis (docking not uncoating),"integrins, heparan sulfate proteoglycan, Fc receptors",,"Days (24h before the onset of clinical signs), up to years",Transient or persistently ,Low,,,"skin or mucous membranes, tongue, soft palate, feet, tonsils, tracheobronchial lymph nodes, heart",2–8 d,https://www.ncbi.nlm.nih.gov/pmc/articles/PMC387408/,Fenner's Veterinary Virology,1,0,0,0,0,0,0,1,1,0,0,0,1,1,0,0,0,0,0,0,0,0,0,0,0,0,0,0,1,0,0,1,0,0,0,0,0,0,0,0,0,0,0,0,0,0,0,0,0,10.1177/1040638714547256,Officer K,2014," Clinical records at the center contain 2 previous reports of vesicles on footpads of bears, both observed in adult bears 7 months prior to the current outbreak. the bears both spontaneously recovered within 5 days. ; (was fed frozen bovine bones 5 days before day 1.    food contamination: FMDV survives postmortem in bone marrow, and freezing bones at –20°C. Testing of in-contact
bones did not reveal FMDV, but this does not rule out",,Aug - Sept 2011,"Tam Dao National Park, Vietnam","Thirteen Asiatic
black bears (Ursus thibetanus) and 1 Malayan sun bear (Helarctos malayanus) were apparently affected.",,,,,,,,,,,
Foot-and-mouth disease virus,Picornavirales,Picornaviridae,Aphthovirus,1,Mongolian Serotype O,D-W,Domestic cattle,"Mongolian
gazelles (Procapra gutturosa)",Wild,"Direct/Indirect contact, airbone","inhalation of droplets, ingestion of infected food, inoculation with contaminated vaccines, insemination with contaminated semen, and contact with contaminated clothing,
veterinary instruments","saliva, droplets, aerosols, vesicular fluids, milk, semen, urine, and feces",N,"cloven-hoofed domestic and wild animal species (Cattle, sheep, swine, goats, water buffalo, llamas, camels)",Narrow (cloven-hoofed animals),RNA,SS,25,non-enveloped,FALSE,8159,pharynx,,oral and pedal epithelial areas; monocyte/macrophage,recptor-mediated endocytosis (docking not uncoating),"integrins, heparan sulfate proteoglycan, Fc receptors",,"Days (24h before the onset of clinical signs), up to years",Transient or persistently ,Low,,,"skin or mucous membranes, tongue, soft palate, feet, tonsils, tracheobronchial lymph nodes, heart",2–8 d,https://www.ncbi.nlm.nih.gov/pmc/articles/PMC387408/,Fenner's Veterinary Virology,0,0,0,1,0,0,0,0,1,1,0,1,0,1,0,0,0,0,0,0,0,0,0,0,0,0,0,0,0,0,0,0,0,0,0,1,0,0,0,0,0,0,0,0,0,0,0,0,0,10.7589/0090-3558-42.1.154,Nyamsuren D,2006,,,2001,"Eastern
Steppe of Mongolia",,,,,,,,,,,,
Foot-and-mouth disease virus,Picornavirales,Picornaviridae,Aphthovirus,1,SAT1,W-D,Buffalo,Domestic cattle,Domestic,"Direct/Indirect contact, airbone","inhalation of droplets, ingestion of infected food, inoculation with contaminated vaccines, insemination with contaminated semen, and contact with contaminated clothing,
veterinary instruments","saliva, droplets, aerosols, vesicular fluids, milk, semen, urine, and feces",N,"cloven-hoofed domestic and wild animal species (Cattle, sheep, swine, goats, water buffalo, llamas, camels)",Narrow (cloven-hoofed animals),RNA,SS,25,non-enveloped,FALSE,8159,pharynx,,oral and pedal epithelial areas; monocyte/macrophage,recptor-mediated endocytosis (docking not uncoating),"integrins, heparan sulfate proteoglycan, Fc receptors",,"Days (24h before the onset of clinical signs), up to years",Transient or persistently ,Low,,,"skin or mucous membranes, tongue, soft palate, feet, tonsils, tracheobronchial lymph nodes, heart",2–8 d,https://www.ncbi.nlm.nih.gov/pmc/articles/PMC387408/,Fenner's Veterinary Virology,0,0,0,0,0,0,0,0,1,1,0,0,0,1,0,0,0,0,0,0,0,0,0,0,0,0,0,0,0,0,0,0,0,0,0,0,0,0,0,0,0,1,0,0,0,0,0,0,0,10.4102/ojvr.v81i2.721,Banda F,2014,,Buffalo,2012,"Kazungula, Zambia",,,,,,,,,,,,
Foot-and-mouth disease virus,Picornavirales,Picornaviridae,Aphthovirus,1,,W-D,Water buffalo,Cattle,Domestic,"Direct/Indirect contact, airbone","inhalation of droplets, ingestion of infected food, inoculation with contaminated vaccines, insemination with contaminated semen, and contact with contaminated clothing,
veterinary instruments","saliva, droplets, aerosols, vesicular fluids, milk, semen, urine, and feces",N,"cloven-hoofed domestic and wild animal species (Cattle, sheep, swine, goats, water buffalo, llamas, camels)",Narrow (cloven-hoofed animals),RNA,SS,25,non-enveloped,FALSE,8159,pharynx,,oral and pedal epithelial areas; monocyte/macrophage,recptor-mediated endocytosis (docking not uncoating),"integrins, heparan sulfate proteoglycan, Fc receptors",,"Days (24h before the onset of clinical signs), up to years",Transient or persistently ,Low,,,"skin or mucous membranes, tongue, soft palate, feet, tonsils, tracheobronchial lymph nodes, heart",2–8 d,https://www.ncbi.nlm.nih.gov/pmc/articles/PMC387408/,Fenner's Veterinary Virology,0,0,0,0,0,0,0,0,1,1,0,0,0,1,0,0,0,0,0,0,0,0,0,0,0,0,0,0,0,0,0,0,0,0,0,0,0,0,0,0,0,0,0,0,0,0,0,0,0,10.1016/j.prevetmed.2011.08.003,Brahmbhatt DP,2012,Descriptive study of cattle-wildlife contact,,"October 2006 to March 2007 and April to
September 2007","Kruger National Park (KNP) and the
adjacent Limpopo province, South Africa ",,,,,,,,,,,,
Schmallenberg virus,Bunyavirales,Peribunyaviridae,Orthobunyavirus,0,Germany,D-W,Domestic cattle,"elk (Alces alces), European bison (Bison bonasus), red deer (Cervus elaphus)",Wild,"Indirect contact, vertical","Vector, transplacental",,Y,"domestic (cattle, sheep, goats, camelids) and wild ruminants(alpacas, elk, water buffalo, European bison, red deer, fallow deer, roe deer, sika deer, llama, reindeer, moufflon, chamois), wild boar, dogs, wild carnivores, horses, exotic zoo species (onager, Grevy’s zebra, Asian elephant and babirusa)  ",Broad,RNA,SS,100,enveloped,TRUE,,,,,,,,,,,Short (3 - 7 d),Neurons,"Reproductive, GI, fetus, CNS, musculoskeletal",,https://www.ncbi.nlm.nih.gov/pmc/articles/PMC6785879/,,0,0,0,1,0,1,0,0,1,0,0,1,0,0,0,0,0,0,0,0,0,0,0,0,0,0,0,1,0,0,0,0,0,0,0,1,0,0,0,0,0,0,0,0,0,0,0,0,1,10.1016/j.tvjl.2013.08.013,Larska M,2013,"The
high SBV infection rate in bison may reflect a particular species susceptibility: bison are more closely related genetically to domestic
ruminants than are cervid species;     ? (exceptional high temp)",,Dec 2012,"Białowieza National Park, Poland","An elk calf, approximately 6-months of age, was found wandering alone on the outskirts of the Białowieza National Park (BNP), which is a European bison (Bison bonasus) Primeval Forest Reserve. The introduction of SBV infection to the European bison (Bison bonasus) population of BNP
between July and November 2012 was also confirmed",,,,,,,,,,,
Schmallenberg virus,Bunyavirales,Peribunyaviridae,Orthobunyavirus,0,European countries,D-W,Domestic cattle,"Fallow deer (Dama dama), Fallow deer (Dama dama), Mouflon (Ovis aries musimon), Roe deer (Capreolus capreolus), European bison (Bison bonasus)","wild, captive","Indirect contact, vertical","Vector, transplacental",,Y,"domestic (cattle, sheep, goats, camelids) and wild ruminants(alpacas, elk, water buffalo, European bison, red deer, fallow deer, roe deer, sika deer, llama, reindeer, moufflon, chamois), wild boar, dogs, wild carnivores, horses, exotic zoo species (onager, Grevy’s zebra, Asian elephant and babirusa)  ",Broad,RNA,SS,100,enveloped,TRUE,,,,,,,,,,,Short (3 - 7 d),Neurons,"Reproductive, GI, fetus, CNS, musculoskeletal",,https://www.ncbi.nlm.nih.gov/pmc/articles/PMC6785879/,,0,0,0,1,0,0,0,0,1,1,0,1,1,1,0,0,0,0,0,0,0,0,0,0,0,0,0,0,0,0,0,0,0,0,0,0,0,0,0,0,0,0,0,0,0,0,0,0,0,10.1186/s12917-014-0307-3,Larska M,2014,"strong dependence between wild and domestic ruminant densities; SBV exposure may be connected to the
species and size of the animal (age and body weight); Probably, the environment
characteristics such as humidity, temperature, variation in
temperature during night and day affecting the presence and density of vector influence the possible transmission and consequently the prevalence in both domestic and
wild animals.     ? (the SBV prevalence in wild ruminants was increased in the Eastern part
of the country which is known for higher density of cattle
reared extensively in smaller size herds, often pastured enabling SBV transmission at the interface between domestic
and wild ruminant populations)",,fall/winter 2013,Poland ,"The study
presents results of serosurvey which included wild ruminants representing species of red deer (Cervus elaphus),
roe deer (Capreolus capreolus), European bison (Bison bonasus), fallow deer (Dama dama), mouflon (Ovis orientalis
musimon) hunted or immobilized at 34 different locations of Poland in the autumn/winter 2013",,,,,,,,,,,
Schmallenberg virus,Bunyavirales,Peribunyaviridae,Orthobunyavirus,0,"Germany, Netherlands",D-W,"Domestic ruminants, wild ruminants","red deer, fallow deer",Wild,"Indirect contact, vertical","Vector, transplacental",,Y,"domestic (cattle, sheep, goats, camelids) and wild ruminants(alpacas, elk, water buffalo, European bison, red deer, fallow deer, roe deer, sika deer, llama, reindeer, moufflon, chamois), wild boar, dogs, wild carnivores, horses, exotic zoo species (onager, Grevy’s zebra, Asian elephant and babirusa)  ",Broad,RNA,SS,100,enveloped,TRUE,,,,,,,,,,,Short (3 - 7 d),Neurons,"Reproductive, GI, fetus, CNS, musculoskeletal",,https://www.ncbi.nlm.nih.gov/pmc/articles/PMC6785879/,,0,0,0,1,1,0,0,0,1,0,0,1,0,0,0,0,0,0,0,0,0,0,0,0,0,0,0,0,0,0,0,0,0,0,0,0,0,0,0,0,0,0,0,0,0,0,0,0,0,10.1136/vr.f2438,Barlow A,2013,"On January 23, 2012, the presence of
SBV infection was confirmed in Britain for
the first time on four sheep farms in Norfolk,
Suffolk and East Sussex (AHVLA 2012);  the larger herding deer species (red deer and
fallow deer) seem to be more attractive to
Culicoides seeking a blood meal than the
smaller more solitary species;    reservoir epidemic: infection was introduced
into continental Europe during 2011, and first SBV in UK was detected in Jan 2012)",,Feb - March 2012,"East Anglia, UK",deer species (red deer and fallow deer) tested positive,,,,,,,,,,,
Schmallenberg virus,Bunyavirales,Peribunyaviridae,Orthobunyavirus,0,European countries,D-W,Domestic ruminants,"red deer, roe deer, mouflon, Alpine ibex, Alpine and Pyrenean chamois",Wild,"Indirect contact, vertical","Vector, transplacental",,Y,"domestic (cattle, sheep, goats, camelids) and wild ruminants(alpacas, elk, water buffalo, European bison, red deer, fallow deer, roe deer, sika deer, llama, reindeer, moufflon, chamois), wild boar, dogs, wild carnivores, horses, exotic zoo species (onager, Grevy’s zebra, Asian elephant and babirusa)  ",Broad,RNA,SS,100,enveloped,TRUE,,,,,,,,,,,Short (3 - 7 d),Neurons,"Reproductive, GI, fetus, CNS, musculoskeletal",,https://www.ncbi.nlm.nih.gov/pmc/articles/PMC6785879/,,0,0,0,1,0,0,0,0,1,0,0,1,0,0,0,0,0,0,0,0,0,0,0,0,0,0,0,0,0,0,0,0,0,0,0,0,0,0,0,0,0,0,0,0,0,0,0,0,0,10.1111/tbed.12371,Rossi S,2017,"The temporal delay observed here suggests that mountain wildlife has been exposed after domestic livestock, possibly as a
result on an initial spillover of SBV infection from domestic to wildlife species; SBV transmission in wildlife may rely on different vector species than in domestic
species, especially above 1500 m where different Culicoides species (C. obsoletus group and others) were observed compared to low elevation areas",,2011-2014,France,,,,,,,,,,,,
Porcine reproductive and respiratory syndrome virus,Nidovirales,Arteriviridae,Arterivirus,0,,D-W,Domestic pigs,Wild boar,Wild,"direct/indirect contact, airborne, vertical","fomites, respiratory route, oral routes (ingestion), through the mucosae or percutaneously(ear notching, tail docking, teeth clipping, and injection of drugs and vaccines), aerosol, by coitus or insemination, inoculation; transplacental, through colostrum or milk,"," nasal secretions, saliva, urine, feces, mammary gland secretions, semen ",N,domestic and wild pigs,Narrow (swine),RNA,SS,,enveloped,FALSE,15349.5," macrophages in the lungs and lymphoid
tissues",,lympho-haematic route,,CD163 (hemoglobin-haptoglobin scavenger),,Weeks to months,"Transient, intermittently",,Weeks to months,"macrophages, dendritic cells, endothelial cells, respiratory epithelium, and fibroblasts","reproductive, respiratory, lymphoid, fetus",,https://www.ncbi.nlm.nih.gov/pmc/articles/PMC5086057/,Fenner's Veterinary Virology,1,0,0,0,0,0,0,0,0,0,0,0,1,1,0,0,0,0,0,0,0,0,0,0,0,0,0,0,0,0,0,0,0,0,1,0,0,0,0,0,0,0,0,0,0,0,0,0,0,PMID 25876282,Vilcek S,2015,"The detection of PRRSV
genomic sequence similar to the vaccine strain in wild boars indicates that virus has been most probably transmitted from vaccinated domestic pigs to wild boars;   provisioning: wild boars
in the winter period might have occasional access to animal by-products from yard-slaughters?",,,"Slanske vrchy, Slovakia",,,,,,,,,,,,
Porcine reproductive and respiratory syndrome virus,Nidovirales,Arteriviridae,Arterivirus,0,,W-D,"Domestic pigs, wild boar",wild boar (Sus scrofa scrofa),Domestic,"direct/indirect contact, airborne, vertical","fomites, respiratory route, oral routes (ingestion), through the mucosae or percutaneously(ear notching, tail docking, teeth clipping, and injection of drugs and vaccines), aerosol, by coitus or insemination, inoculation; transplacental, through colostrum or milk,"," nasal secretions, saliva, urine, feces, mammary gland secretions, semen ",N,domestic and wild pigs,Narrow (swine),RNA,SS,,enveloped,FALSE,15349.5," macrophages in the lungs and lymphoid
tissues",,lympho-haematic route,,CD163 (hemoglobin-haptoglobin scavenger),,Weeks to months,"Transient, intermittently",,Weeks to months,"macrophages, dendritic cells, endothelial cells, respiratory epithelium, and fibroblasts","reproductive, respiratory, lymphoid, fetus",,https://www.ncbi.nlm.nih.gov/pmc/articles/PMC5086057/,Fenner's Veterinary Virology,0,1,1,0,0,0,0,1,0,1,0,0,0,1,0,1,0,0,0,0,0,0,0,0,0,0,0,0,0,0,0,0,0,0,0,1,0,0,0,0,0,1,0,1,0,0,0,0,0,10.1080/01652176.2015.1022666,Marinou KA,2015,"possible contact with
positive domestic pigs, introduction of vaccinated breeding animals or even mechanical transmission of PRRSV
(e.g., human, tracks, fomites, etc.);     entrance of wild boar from neighboring Turkey?",,April 2012 - August 2013,Greece,,,,,,,,,,,,
 Venezuelan Equine Encephalitis Virus,Martellivirales,Togaviridae,Alphavirus,1,,?,?,"Cattle (Bos taurtis), Goat (Capra hircus), Feral Hog (Sus scrofa), White-tailed Deer (Odocoileus virginianus), Peccary (Pecan angulatus), Raccoon (Procyon lotor), Coyote (Canis lairans), Cotton-tailed rabbit (Sybvibagus floridanus), Pocket Gopher (Geomys bursarius),",free-ranging,Indirect,bite of a mosquito vector,,Y,"mammals (cotton
rats, spiny rats, Peromyscus spp., domestic animals, human), horses, donkeys, and mules","Broad (mammals, rodents, horses, human)",RNA,SS,70,enveloped,FALSE,11444,dendritic cells near the entry site,,"regional lymph nodes, specific extraneural tissues, neurons",clathrin-mediated endocytosis (requiring early and late endosome formation),"laminin binding protein, heparin sulfate",,,,"Highly variable, up to 80%",,"immune cells, especially dendritic cells, neurons","CNS, lymphoid (bone marrow, spleen, lymph node), pancreas, kidney, heart, lung",4–6 d,https://www.ncbi.nlm.nih.gov/pmc/articles/PMC6410161/,Fenner's Veterinary Virology,1,0,0,0,0,0,0,0,0,0,0,0,0,0,0,0,0,0,0,0,0,0,0,0,0,0,0,0,0,0,0,0,0,0,0,0,0,0,0,0,0,0,0,0,0,0,0,0,0,10.7589/0090-3558-11.2.195,Smart DL,1975,"A number of
wild and domestic species on the Welder
Wildlife Refuge including cattle, feral
hogs, peccanies, deer, raccoon, pocket
gophers, rabbits, and coyotes had been
infected with VEE prior to the 1971 epizootic. These findings and the results of
previous studies’” suggest that VEE was present and possibly enzootic in Texas
for many years prior to the 1971 epizootic.",, 1963 - 1973,"Welder Wildlife Refuge, Texas, US",,,,,,,,,,,,
Rabbit hemorrhagic disease virus 2,"Picornavirales
",Caliciviridae,Lagovirus,0,mainland Portugal,W-D,Wild rabbits,"Domestic rabbits, wild rabbits","Domestic, wild",Direct/indirect contact ,"Fecal-oral route, contaminated excretions or blood, carcasses, fomites (food, water, bedding, clothing, cages, equipment), vector-borne transmission by scavenging mammals, birds and insects",Feces,N," wild and domestic rabbit, hares",Narrow,RNA,SS,,non-enveloped,FALSE,7437,epithelial cells of the upper respiratory and digestive tracts,,,,"HBGA H type 2, A type 2 and B type 2",,,,High,Short,"Hepatocytes, macrophages","Liver, spleen, lung, trachea, kidneys, bone marrow",,https://www.ncbi.nlm.nih.gov/pmc/articles/PMC3331820/,,0,0,0,1,0,0,0,0,1,0,0,1,0,1,0,0,0,0,0,0,0,0,0,0,0,0,0,0,0,0,0,0,0,0,0,1,0,0,0,1,0,0,0,0,0,0,0,0,0,10.1007/s11262-017-1483-6,Carvalho CL,2017,,,2016-2017,"Madeira, Portugal",,,,,,,,,,,,
Rabbit haemorrhagic disease virus 2,"Picornavirales
",Caliciviridae,Lagovirus,0,,D-W?,Domestic rabbits,Wild rabbits,Wild,Direct/indirect contact ,"Fecal-oral route, contaminated excretions or blood, carcasses, fomites (food, water, bedding, clothing, cages, equipment), vector-borne transmission by scavenging mammals, birds and insects",Feces,N," wild and domestic rabbit, hares",Narrow,RNA,SS,,non-enveloped,FALSE,7437,epithelial cells of the upper respiratory and digestive tracts,,,,"HBGA H type 2, A type 2 and B type 2",,,,High,Short,"Hepatocytes, macrophages","Liver, spleen, lung, trachea, kidneys, bone marrow",,https://www.ncbi.nlm.nih.gov/pmc/articles/PMC3331820/,,1,0,0,0,0,0,0,0,0,0,0,0,0,0,0,0,0,0,0,0,0,0,0,0,0,0,0,0,0,0,0,0,0,0,0,0,0,0,0,0,0,1,0,0,0,0,0,0,0,10.1007/s00705-014-2329-3,Dalton KP,2015,"In comparison with other RHDV
isolates belonging to the previously known genogroups 1–6, RHDVb shows marked phenotypic differences, as it causes disease preferentially in young rabbits under
40 days of age and shows modified red blood cell agglutination profiles as well as antigenic differences that allow this variant to escape protection by the currently available vaccines",,"2011, 2012",Portugal,"Isolate N11 was detected in young domestic animals during a rabbit hemorrhagic disease (RHD) outbreak that occurred in 2011 on a
rabbit farm in Navarra, Spain, while CBVal16 was isolated
from a wild rabbit found dead in Valpac ¸os, Northern Portugal, a yearlater. ",,,,,,,,,,,
Swine influenza A virus (H1N1),Articulavirales,Orthomyxoviridae,Alphainfluenzavirus,1,"Italian H1N1 SIVs isolated from
domestic pigs",D-W,Domestic pigs,Wild boars,Wild,"Direct/indirect contact, airbone ","aerosol, droplets, and fomites",Nasal secretions,N,"pigs, human",Narrow,RNA,SS,80–120,enveloped,TRUE,13444.6,epithelium of the nasal cavity and large airways,,,receptor-mediated endocytosis,"Sialic acid (SAα2,3Gal and SAα2,6Gal receptors)",,7-10 d,Transient,Low,,epithelial cells in the upper respiratory tract,"upper respiratory passages, trachea, and lower respiratory tract",Days,https://www.ncbi.nlm.nih.gov/books/NBK513241/,Fenner's Veterinary Virology,0,1,1,0,0,0,0,0,0,1,0,1,0,1,1,0,0,0,0,0,0,0,0,0,0,0,0,0,0,0,0,0,0,0,0,0,0,0,0,0,0,0,0,0,0,0,0,0,0,10.1111/irv.12198,Foni E,2013,,,"July to
December 2012","Emilia Romagna, Italy",,,,,,,,,,,,
Swine influenza A virus (H1N1),Articulavirales,Orthomyxoviridae,Alphainfluenzavirus,1,,D-W,Domestic pigs,"Japanese wild
boars (Sus scrofa leucomystax)",Wild,"Direct/indirect contact, airbone ","aerosol, droplets, and fomites",Nasal secretions,N,"pigs, human",Narrow,RNA,SS,80–120,enveloped,TRUE,13444.6,epithelium of the nasal cavity and large airways,,,receptor-mediated endocytosis,"Sialic acid (SAα2,3Gal and SAα2,6Gal receptors)",,7-10 d,Transient,Low,,epithelial cells in the upper respiratory tract,"upper respiratory passages, trachea, and lower respiratory tract",Days,https://www.ncbi.nlm.nih.gov/books/NBK513241/,Fenner's Veterinary Virology,1,0,1,0,0,0,0,0,0,0,0,0,0,0,0,0,0,0,0,0,0,0,0,0,0,0,0,0,0,0,0,0,0,0,0,0,0,0,0,0,0,0,0,0,0,0,0,0,0,10.1292/jvms.17-0052,Shimoda H,2017,"wild boars from Yamaguchi showed
the highest VN activity against H1N1pdm09 virus (suspected human to wild boar transmission), while wild boars from Tochigi showed the highest VN activity against classical swine H1N1 virus; In 2008, swine influenza virus was reported in pig farms in Tochigi",,2011–2012,"Tochigi, Japan",,,,,,,,,,,,
Swine Influenza A Virus (H3N2),Articulavirales,Orthomyxoviridae,Alphainfluenzavirus,1,2005 Canadian H3N2 SIV (triple reassortant),D-W,Domestic pigs,Mink ,Wild,"Direct/indirect contact, airbone ","aerosol, droplets, and fomites",Nasal secretions,N,"pigs, human",Narrow,RNA,SS,80–120,enveloped,TRUE,13444.6,epithelium of the nasal cavity and large airways,,,receptor-mediated endocytosis,"Sialic acid (SAα2,3Gal and SAα2,6Gal receptors)",,7-10 d,Transient,Low,,epithelial cells in the upper respiratory tract,"upper respiratory passages, trachea, and lower respiratory tract",Days,"https://www.ncbi.nlm.nih.gov/pmc/articles/PMC4857451/#:~:text=However%2C%20infection%20with%20avian%2Dorigin,et%20al.%2C%202013).",Fenner's Veterinary Virology,0,0,0,0,0,0,0,0,0,0,0,0,1,0,0,0,0,0,0,0,0,0,0,0,0,0,0,0,1,0,0,0,0,0,0,0,0,0,0,0,0,0,0,0,0,0,0,0,0,10.1128/JCM.01228-08,Gagnon CA,2009,"Minks were fed a ration prepared in large batches at the same location, referred to as a kitchen. The ration was composed of
uncooked meat by-products of swine, beef, and poultry obtained from slaughterhouse facilities. The swine by-product
included ground lung purchased in large frozen blocks from areas of the country where swine influenza H3N2 is known to be prevalent.     Food contamination vs provisioning: feeding of animals with a ration composed of uncooked meat by-products of swine obtained from slaughterhouse facilities originated from swine H1N1 epidemic region?",,2006,Canada,,,,,,,,,,,,
2009 Pandemic H1N1 influenza virus (pH1N1),Articulavirales,Orthomyxoviridae,Alphainfluenzavirus,1,US human pH1N1 (2009) lineage,D-W,"Domestic pigs, human",Wild boars,Wild,"Direct/indirect contact, airbone ","aerosol, droplets, and fomites",Nasal secretions,N,"pigs, human",Narrow,RNA,SS,80–120,enveloped,TRUE,13444.6,epithelium of the nasal cavity and large airways,,,receptor-mediated endocytosis,"Sialic acid (SAα2,3Gal and SAα2,6Gal receptors)",,7-10 d,Transient,Low,,epithelial cells in the upper respiratory tract,"upper respiratory passages, trachea, and lower respiratory tract",Days,https://www.ncbi.nlm.nih.gov/books/NBK513241/,https://www.ncbi.nlm.nih.gov/pmc/articles/PMC3099508/,1,1,0,1,0,0,0,0,1,1,0,1,0,1,1,0,0,0,0,0,0,0,0,0,0,0,0,0,0,0,0,0,0,0,0,0,0,0,0,0,0,0,0,0,0,0,0,0,0,10.1111/zph.12006,Clavijo A,2013,"2009 pH1N1 Human -> pigs -> wild boars; The progenitor virus of pH1N1 is proposed to have originated in pigs, even though to date, the
virus has not been detected in pigs before its emergence in humans",,2009,"Texas, US",The first case of pandemic H1N1 influenza (pH1N1) virus in feral swine in the United States was identified in Texas ,,,,,,,,,,,
"Swine influenza A virus (pH1N1, H1N2 and H3N2)?",Articulavirales,Orthomyxoviridae,Alphainfluenzavirus,1,,?,"Domestic pigs, human, birds",Japanese wild boars (Sus scrofa leucomystax),Wild,"Direct/indirect contact, airbone ","aerosol, droplets, and fomites",Nasal secretions,N,"pigs, human",Narrow,RNA,SS,80–120,enveloped,TRUE,13444.6,epithelium of the nasal cavity and large airways,,,receptor-mediated endocytosis,"Sialic acid (SAα2,3Gal and SAα2,6Gal receptors)",,7-10 d,Transient,Low,,epithelial cells in the upper respiratory tract,"upper respiratory passages, trachea, and lower respiratory tract",Days,https://www.ncbi.nlm.nih.gov/books/NBK513241/,https://www.ncbi.nlm.nih.gov/pmc/articles/PMC3099508/,1,0,1,0,0,0,0,0,0,0,0,0,0,0,0,0,0,0,0,0,0,0,0,0,0,0,0,0,0,0,0,0,0,0,0,0,0,0,0,0,0,0,0,0,0,0,0,0,0,10.1111/1348-0421.12750,Fujimoto Y,2019,Not sure if this one should be included,,2014-2017,"Kagoshima, Japan","Seroprevalence against a pandemic‐like swine H1N1 (H1N1pdm) virus was
identified in 27.1% of specimens, and 1.7% were positive for both swine H1N2 and H3N2 viruses",,,,,,,,,,,
Peste des Petits Ruminants virus,Mononegavirales,Paramyxoviridae,Morbillivirus,0,lineage 4 strains from China,"D-W, W-D?",Domestic small ruminants,Wild goats and sheep,Wild,Direct/indirect contact ,Droplets,"Blood, nasal secretions, ocular secretions, saliva, milk, urine and feces",N,"Ovies aries
Capra hircus",Narrow (small ruminants),RNA,SS,400-500,enveloped,FALSE,15948,Lymphnodes,Macrophages,Lymphocytes B and T,Membrane fusion,"SLAM (CD150)
nectin-4","SLAM_activated T and B lymphocytes, dendritic cells and macrophages
nectin-4_epithelial cells",Days or weeks,Transient,-,y,"Epithelial, lymphoid cells","Lymphoid
Gastrointestinal
Respiratory",3-6d,,,1,0,0,1,0,0,0,0,0,0,0,0,0,1,0,0,0,0,0,0,0,0,0,0,0,0,0,0,0,0,0,0,0,0,1,1,0,0,0,0,0,0,0,0,0,0,0,0,0,10.1186/s12917-019-1920-y,Shahriari R,2019,"Legal and illegal movement of
domestic small ruminants into wildlife territories over short
and long distances, within and across borders, increases the
possibility of transmission of various pathogens, including
PPRV, to wild small ruminants, which may threaten vulnerable species",,2014-2016,Iran,PPRV was the cause of mass die-offs of wild goats and sheep during 2014–2016 in several national parks in Iran,,,,,,,,,,,
Peste des Petits Ruminants virus,Mononegavirales,Paramyxoviridae,Morbillivirus,0,"Lineage 2, Tanzania",D-W,"Domestic sheep, goats","Buffalo, Grant’s gazelle, impala, wildbeest",Wild,Direct/indirect contact ,Droplets,"Blood, nasal secretions, ocular secretions, saliva, milk, urine and feces",N,"Ovies aries
Capra hircus",Narrow (small ruminants),RNA,SS,400-500,enveloped,FALSE,15948,Lymphnodes,Macrophages,Lymphocytes B and T,Membrane fusion,"SLAM (CD150)
nectin-4","SLAM_activated T and B lymphocytes, dendritic cells and macrophages
nectin-4_epithelial cells",Days or weeks,Transient,-,y,"Epithelial, lymphoid cells","Lymphoid
Gastrointestinal
Respiratory",3-6d,,,0,0,0,0,0,0,0,0,0,1,0,0,0,1,0,1,0,0,0,0,0,0,0,0,0,0,0,0,0,0,0,0,0,0,0,1,0,0,0,0,0,1,0,0,0,0,0,0,0,10.3201/eid2112.150223,Mahapatra M,2015,,,2014,"Ngorongoro, Tanzania",Serengeti ecosystem,,,,,,,,,,,
Nipah virus,Mononegavirales,Paramyxoviridae,Henipavirus,1,,W-D,Flying fox (wildlife reservoir),Domestic pigs,Domestic,Direct/indirect contact ,"Droplets, contact with body fluids, contact with excretions, food","Nasal secretions, saliva, blood",N,"Pteropus vampyrus
Pteropus hypomelanus",Broad,RNA,SS,120-500,enveloped,FALSE,18246,Respiratory tract epithelium,Lung epithelial cells,endothelium ,Membrane fusion,"Ephrin B2
Ephrin B3","Neurons, smooth muscle, arterial endothelial cells and capillaries",3w,Persisent/Transient,53%,y,"Bronchiolar epithelium cells, neurons","CNS
Respiratory",1-2w,,,0,0,0,0,0,0,0,0,1,1,0,0,0,0,1,1,0,0,0,0,0,0,0,0,0,0,0,0,0,0,0,0,0,0,0,0,0,0,0,0,0,0,0,0,0,0,0,0,0,10.1098/rsif.2011.0223,Pulliam JR,2012,dual use of agricultural land and increases in production,,,Malaysia,,,,,,,,,,,,
Bovine-like CoVs,Nidovirales,Coronaviridae,Coronavirus,0,Bovine coronavirus,D-W,Domestic cattle,"sambar deer (Cervus unicolor), waterbuck (Kobus ellipsiprymnus), sable antelope
(Hippotragus niger)",wild,"Indirect contact, airbone","Fecal-oral route, aerosols, droplets","Feces, droplets, aerosols",N,"cattle, dogs,
turkey poults, humans, captive or wild ruminants (Sambar deer, waterbuck, giraffe, and white-tailed deer, South
American camelids)",Broad,RNA,SS,,enveloped,FALSE,31028,epithelial cells of the upper respiratory and intestinal tracts,,,,N-acetyl-9-O-acetyl neuraminic acid,,"4–5 days, up to
10 days","transient, intermittently",low (1–2%),,"epithelial cells of the upper respiratory and intestinal tracts, lung","Respiratory, GI",,,Fenner's Veterinary Virology,1,0,0,0,0,0,0,1,0,1,0,0,0,1,0,0,0,0,0,0,0,0,0,0,0,0,0,0,0,0,0,0,0,0,0,0,0,0,0,0,0,0,0,0,0,0,0,0,0,10.1128/JVI.01586-08,Alekseev KP,2008,"the CWR bovine-like CoVs may have
recently split from BCoVs and at the time of isolation were still in the process of adaptation to the new hosts",,"1993, 1994, 2003","Ohio, US",,,,,,,,,,,,
Swine acute diarrhea syndrome coronavirus (SADS CoV),Nidovirales,Coronaviridae,Alphacoronavirus,NA,"Bat HKU2-CoV, China",W-D,"horseshoe bats (Rhinolophus
spp.)",Domestic pigs,Domestic,Indirect contact ,"Fecal-oral, contaminated feed, ingredients, transportation trucks/trailers, environment",Feces,N,"pigs, horseshoe bats (Rhinolophus spp.) ",Narrow,RNA,SS,,enveloped,FALSE,"27,173 (from this literature)",epithelial cells of intestine,,,,,,,Transient,"90–100% (less than five days of age), 5% (older than eight days of age)",,," intestine, heart, liver, spleen, kidneys, stomach, and lungs,",,https://www.sciencedirect.com/science/article/pii/S1879625718301160?via%3Dihub,,0,0,1,0,0,0,0,0,1,1,0,0,0,0,1,0,0,0,0,0,0,0,0,0,0,0,0,0,0,0,0,0,0,0,0,0,0,0,0,0,0,0,0,1,0,0,0,0,0,10.1038/s41586-018-0010-9,Zhou P,2018,"It is possible that the presence of PEDV early in the SADS-CoV outbreak may have
somehow facilitated or enhanced spillover and amplification of SADS; The farm location is very close to the location of the first known index case of SARS in 2002.      (PEDV, a coronavirus had caused prior outbreaks at this farm, and was detected in the intestines of deceased piglets at the start of the outbreak)",,2016-2017,"Guangdong, China",,,,,,,,,,,,
Porcine astrovirus,Stellavirales,Astroviridae,Mamastrovirus,0," Porcine astrovirus 4, USA",,"humans, mink, cattle, and sheep?",Wild boar,Captive,Indirect contact ,Fecal-oral,Feces,N,Pigs,Narrow,RNA,SS,28–33,non-enveloped,FALSE,6479.25,,,,,,,Days,Transient,"high, 75 - 100%.",,,"GI, CNS",1–4days,https://www.vetmed.umn.edu/sites/vetmed.umn.edu/files/shmp_2018l19.5_porcine_astrovirus_overview_-_science_page.pdf,Fenner's Veterinary Virology,1,0,0,0,0,0,0,0,1,0,0,0,0,0,0,0,0,0,0,0,0,0,0,0,0,0,0,0,0,0,0,0,0,0,0,0,0,0,0,0,0,0,0,0,0,0,0,0,0,10.1007/s00705-012-1272-4,Reuter G,2012, the first detection of astrovirus from fecal specimens of wild boars (Sus scrofa),,April 2011,southwestern Hungary,Captive breeding of wild boars without contact with domestic pigs in an animal park,,,,,,,,,,,
Hepatitis E Virus,Hepelivirales,Hepeviridae,Hepevirus,1,,"W-D, D-W","Wild boars, hybrid wild boars",Domestic pigs,Domestic,"Direct/Indirect contact, vertical","contaminated raw meat, fecal-oral route, contamination of water or food, blood transfusion, transplacental",Feces,N,"Human, pigs, deer, non-human primates, rabbits, ferrets, rodents",Broad,RNA,SS,27–34,non-enveloped,FALSE,1874,intestine,," small intestine, lymph nodes, colon, and liver ",clathrin-mediated endocytosis,"HSGPs, GRP78, ASGPR, ATP5B, Integrin α3",,,,Low,,hepatocytes," small intestine, lymph nodes, colon, liver, kidney, neural, placenta",,https://www.ncbi.nlm.nih.gov/pmc/articles/PMC6832200/,https://www.ias.ac.in/article/fulltext/jbsc/033/04/0451-0464,0,0,0,0,0,0,0,0,1,1,0,1,0,1,0,0,0,0,0,0,0,0,0,0,0,0,0,0,1,1,0,0,0,0,0,0,0,1,0,0,0,0,0,0,0,0,0,0,0,10.3390/v8080236,Jori F,2016,"Hybrid wild boars seem to play an intermediate role in this dissemination of HEV and perhaps other pathogens between populations of domestic pigs and wild
boars",,2009-2013,"Corsica, France",,,,,,,,,,,,
Hepatitis E Virus,Hepelivirales,Hepeviridae,Hepevirus,1,HEV-3f,W-D,Wild boars,Domestic pigs,Domestic,"Direct/Indirect contact, vertical","contaminated raw meat, fecal-oral route, contamination of water or food, blood transfusion, transplacental",Feces,N,"Human, pigs, deer, non-human primates, rabbits, ferrets, rodents",Broad,RNA,SS,27–34,non-enveloped,FALSE,1874,intestine,," small intestine, lymph nodes, colon, and liver ",clathrin-mediated endocytosis,"HSGPs, GRP78, ASGPR, ATP5B, Integrin α3",,,,Low,,hepatocytes," small intestine, lymph nodes, colon, liver, kidney, neural, placenta",,https://www.ncbi.nlm.nih.gov/pmc/articles/PMC6832200/,https://www.ias.ac.in/article/fulltext/jbsc/033/04/0451-0464,0,0,0,0,0,0,0,0,1,1,0,1,0,1,0,0,0,0,0,0,0,0,0,0,0,0,0,0,0,0,0,0,0,0,0,0,0,0,0,0,0,0,0,0,0,0,0,0,0,10.1111/tbed.12435,Thiry D,2017, Wild boar can be considered as a host reservoir of the virus in Belgium. the low prevalence in deer makes these species an unlikely reservoir;         (human processes and consumes raw pork liver; hybrid wild boars; extensive pig farming),Wild boars,Sept 2010 - Feb 2011,"Walloon Region, Belgium",,,,,,,,,,,,
Hepatitis E virus,Hepelivirales,Hepeviridae,Hepevirus,1,HEV-3,W-D,"Norway rats (Rattus
norvegicus)",Domestic pigs,Domestic,"Direct/Indirect contact, vertical","contaminated raw meat, fecal-oral route, contamination of water or food, blood transfusion, transplacental",Feces,N,"Human, pigs, deer, non-human primates, rabbits, ferrets, rodents",Broad,RNA,SS,27–34,non-enveloped,FALSE,1874,intestine,," small intestine, lymph nodes, colon, and liver ",clathrin-mediated endocytosis,"HSGPs, GRP78, ASGPR, ATP5B, Integrin α3",,,,Low,,hepatocytes," small intestine, lymph nodes, colon, liver, kidney, neural, placenta",,https://www.ncbi.nlm.nih.gov/pmc/articles/PMC6832200/,https://www.ias.ac.in/article/fulltext/jbsc/033/04/0451-0464,0,0,0,0,0,0,0,0,1,1,0,0,0,0,1,0,0,0,0,0,0,0,0,0,0,0,0,0,1,1,0,0,0,0,0,0,0,0,0,0,0,0,0,0,0,0,0,0,0,10.1186/1756-0500-5-4,Kanai Y,2012,,,,Japan,"10 of the 56 (17.9%) rats captured around a pig farm were positive for HEV genotype 3, and they were carrying infectious viruses. ",,,,,,,,,,,
West Nile virus,Amarillovirales,Flaviviridae,Flavivirus,1,,"D-W, W-D?","Horse, human?","Domestic cattle (Bos taurus), African buffalo (Syncerus caffer), domestic dogs (Canis lupus familiaris), exotic
fallow deer (Dama dama), giraffes (Giraffa
camelopardalis), domestic goats (Capra aegagrus hircus), lions (Panthera leo), domestic sheep (Ovis aries), roan
antelope (Hippotragus equinus)","domestic, wild",Indirect contact,Vector,,Y,"Humans, horses,
birds (American crows, jays, yellow-billed magpies), other mammals (cats, dogs, sheep, New World
camelids, tree squirrels, and farmed alligators)","Broad (mammals, human, birds)",RNA,SS,50,enveloped,FALSE,11029,dendritic cells or keratinocytes in epidermis,,"lympho-haematic route, to other organs including CNS",receptor-mediated endocytosis (endosomes),"DC-SIGN, Integrin alpha-v beta-3",,,Horses: transient,"High, up to 100% in birds","High in some birds, low in horses","dendritic cells or keratinocytes, neurons","Birds: heart, skeletal muscle, lungs, spleen, liver, kidney, adrenals, pancreas,
intestines, gonads, and nervous system; Horses: CNS",,https://www.ncbi.nlm.nih.gov/pmc/articles/PMC2905782/,Fenner's Veterinary Virology,1,0,0,0,0,0,0,0,0,0,0,0,0,0,0,0,0,0,0,0,0,0,0,0,0,0,0,0,0,0,0,0,0,0,0,0,0,0,0,0,0,0,0,0,0,0,0,0,0,10.3201/eid2512.190572,Steyn J,2019,,," Feb 2010 -
June 2018",South Africa,,,,,,,,,,,,
West Nile virus,Amarillovirales,Flaviviridae,Flavivirus,1,,W-D,"Wild birds, domestic and wild mammals",Iberian pigs,Domestic,Indirect contact,Vector,,Y,"Humans, horses,
birds (American crows, jays, yellow-billed magpies), other mammals (cats, dogs, sheep, New World
camelids, tree squirrels, and farmed alligators)","Broad (mammals, human, birds)",RNA,SS,50,enveloped,FALSE,11029,dendritic cells or keratinocytes in epidermis,,"lympho-haematic route, to other organs including CNS",receptor-mediated endocytosis (endosomes),"DC-SIGN, Integrin alpha-v beta-3",,,Horses: transient,"High, up to 100% in birds","High in some birds, low in horses","dendritic cells or keratinocytes, neurons","Birds: heart, skeletal muscle, lungs, spleen, liver, kidney, adrenals, pancreas,
intestines, gonads, and nervous system; Horses: CNS",,https://www.ncbi.nlm.nih.gov/pmc/articles/PMC2905782/,Fenner's Veterinary Virology,1,0,0,0,0,1,0,0,0,1,0,0,0,1,0,1,0,0,0,0,0,0,0,0,0,0,0,0,0,0,0,0,0,0,0,0,0,0,0,0,0,0,0,0,0,0,0,0,0,10.1016/j.vetmic.2012.04.019,Gutiérrez-Guzmán AV,2012,"Iberian pigs that are farmed extensively and thus
exposed to mosquitoes could be a valuable alternative for surveilance",Wild birds,2009-2010,Spain,"The results of the present study newly confirm the exposure of red foxes, Iberian pigs and a stone marten from south-central Spain to flaviviruses",,,,,,,,,,,
Total # 1 or Y,,,,21,,,,,,,,,14,,,67,,,,,,,,,,,,,,,,,,,,,30,5,13,16,3,3,0,4,25,33,1,15,9,30,8,5,0,0,1,2,0,0,0,0,0,2,0,2,6,4,0,2,0,0,7,7,2,1,1,1,0,9,1,5,0,0,0,1,2,,,,,,,,,,,,,,,,,,,
% (1/all),,,,31.34%,,,,,,,,,20.90%,,,100.00%,,,,,,,,,,,,,,,,,,,,,44.78%,7.46%,19.40%,23.88%,4.48%,4.48%,0.00%,5.97%,37.31%,49.25%,1.49%,22.39%,13.43%,44.78%,11.94%,7.46%,0.00%,0.00%,1.49%,2.99%,0.00%,0.00%,0.00%,0.00%,0.00%,2.99%,0.00%,2.99%,8.96%,5.97%,0.00%,2.99%,0.00%,0.00%,10.45%,10.45%,2.99%,1.49%,1.49%,1.49%,0.00%,13.43%,1.49%,7.46%,0.00%,0.00%,0.00%,1.49%,2.99%,,,,,,,,,,,,,,,,,,,